partition_month,partition_date,category,value
2020-01,2020-01-01,acquisition,518.0
2020-01,2020-01-02,acquisition,535.0
2020-01,2020-01-03,acquisition,524.0
2020-01,2020-01-04,acquisition,544.0
2020-01,2020-01-05,acquisition,493.0
2020-01,2020-01-06,acquisition,484.0
2020-01,2020-01-07,acquisition,465.0
2020-01,2020-01-08,acquisition,522.0
2020-01,2020-01-09,acquisition,518.0
2020-01,2020-01-10,acquisition,504.0
2020-01,2020-01-11,acquisition,562.0
2020-01,2020-01-12,acquisition,510.0
2020-01,2020-01-13,acquisition,511.0
2020-01,2020-01-14,acquisition,527.0
2020-01,2020-01-15,acquisition,468.0
2020-01,2020-01-16,acquisition,569.0
2020-01,2020-01-17,acquisition,522.0
2020-01,2020-01-18,acquisition,516.0
2020-01,2020-01-19,acquisition,533.0
2020-01,2020-01-20,acquisition,519.0
2020-01,2020-01-21,acquisition,543.0
2020-01,2020-01-22,acquisition,552.0
2020-01,2020-01-23,acquisition,540.0
2020-01,2020-01-24,acquisition,488.0
2020-01,2020-01-25,acquisition,542.0
2020-01,2020-01-26,acquisition,543.0
2020-01,2020-01-27,acquisition,511.0
2020-01,2020-01-28,acquisition,516.0
2020-01,2020-01-29,acquisition,551.0
2020-01,2020-01-30,acquisition,532.0
2020-01,2020-01-31,acquisition,524.0
2020-02,2020-02-01,acquisition,522.0
2020-02,2020-02-02,acquisition,533.0
2020-02,2020-02-03,acquisition,461.0
2020-02,2020-02-04,acquisition,527.0
2020-02,2020-02-05,acquisition,501.0
2020-02,2020-02-06,acquisition,514.0
2020-02,2020-02-07,acquisition,502.0
2020-02,2020-02-08,acquisition,468.0
2020-02,2020-02-09,acquisition,516.0
2020-02,2020-02-10,acquisition,528.0
2020-02,2020-02-11,acquisition,464.0
2020-02,2020-02-12,acquisition,482.0
2020-02,2020-02-13,acquisition,507.0
2020-02,2020-02-14,acquisition,544.0
2020-02,2020-02-15,acquisition,494.0
2020-02,2020-02-16,acquisition,536.0
2020-02,2020-02-17,acquisition,490.0
2020-02,2020-02-18,acquisition,529.0
2020-02,2020-02-19,acquisition,530.0
2020-02,2020-02-20,acquisition,558.0
2020-02,2020-02-21,acquisition,536.0
2020-02,2020-02-22,acquisition,554.0
2020-02,2020-02-23,acquisition,485.0
2020-02,2020-02-24,acquisition,515.0
2020-02,2020-02-25,acquisition,483.0
2020-02,2020-02-26,acquisition,496.0
2020-02,2020-02-27,acquisition,528.0
2020-02,2020-02-28,acquisition,519.0
2020-02,2020-02-29,acquisition,476.0
2020-03,2020-03-01,acquisition,492.0
2020-03,2020-03-02,acquisition,499.0
2020-03,2020-03-03,acquisition,505.0
2020-03,2020-03-04,acquisition,509.0
2020-03,2020-03-05,acquisition,514.0
2020-03,2020-03-06,acquisition,492.0
2020-03,2020-03-07,acquisition,544.0
2020-03,2020-03-08,acquisition,494.0
2020-03,2020-03-09,acquisition,508.0
2020-03,2020-03-10,acquisition,510.0
2020-03,2020-03-11,acquisition,532.0
2020-03,2020-03-12,acquisition,560.0
2020-03,2020-03-13,acquisition,576.0
2020-03,2020-03-14,acquisition,516.0
2020-03,2020-03-15,acquisition,517.0
2020-03,2020-03-16,acquisition,535.0
2020-03,2020-03-17,acquisition,553.0
2020-03,2020-03-18,acquisition,537.0
2020-03,2020-03-19,acquisition,505.0
2020-03,2020-03-20,acquisition,534.0
2020-03,2020-03-21,acquisition,519.0
2020-03,2020-03-22,acquisition,539.0
2020-03,2020-03-23,acquisition,493.0
2020-03,2020-03-24,acquisition,538.0
2020-03,2020-03-25,acquisition,570.0
2020-03,2020-03-26,acquisition,508.0
2020-03,2020-03-27,acquisition,532.0
2020-03,2020-03-28,acquisition,534.0
2020-03,2020-03-29,acquisition,507.0
2020-03,2020-03-30,acquisition,500.0
2020-03,2020-03-31,acquisition,479.0
2020-04,2020-04-01,acquisition,533.0
2020-04,2020-04-02,acquisition,543.0
2020-04,2020-04-03,acquisition,503.0
2020-04,2020-04-04,acquisition,513.0
2020-04,2020-04-05,acquisition,529.0
2020-04,2020-04-06,acquisition,486.0
2020-04,2020-04-07,acquisition,512.0
2020-04,2020-04-08,acquisition,548.0
2020-04,2020-04-09,acquisition,511.0
2020-04,2020-04-10,acquisition,508.0
2020-04,2020-04-11,acquisition,514.0
2020-04,2020-04-12,acquisition,530.0
2020-04,2020-04-13,acquisition,509.0
2020-04,2020-04-14,acquisition,524.0
2020-04,2020-04-15,acquisition,507.0
2020-04,2020-04-16,acquisition,532.0
2020-04,2020-04-17,acquisition,477.0
2020-04,2020-04-18,acquisition,545.0
2020-04,2020-04-19,acquisition,523.0
2020-04,2020-04-20,acquisition,541.0
2020-04,2020-04-21,acquisition,535.0
2020-04,2020-04-22,acquisition,490.0
2020-04,2020-04-23,acquisition,520.0
2020-04,2020-04-24,acquisition,552.0
2020-04,2020-04-25,acquisition,509.0
2020-04,2020-04-26,acquisition,562.0
2020-04,2020-04-27,acquisition,552.0
2020-04,2020-04-28,acquisition,545.0
2020-04,2020-04-29,acquisition,519.0
2020-04,2020-04-30,acquisition,531.0
2020-05,2020-05-01,acquisition,502.0
2020-05,2020-05-02,acquisition,518.0
2020-05,2020-05-03,acquisition,506.0
2020-05,2020-05-04,acquisition,524.0
2020-05,2020-05-05,acquisition,502.0
2020-05,2020-05-06,acquisition,520.0
2020-05,2020-05-07,acquisition,485.0
2020-05,2020-05-08,acquisition,540.0
2020-05,2020-05-09,acquisition,532.0
2020-05,2020-05-10,acquisition,540.0
2020-05,2020-05-11,acquisition,505.0
2020-05,2020-05-12,acquisition,540.0
2020-05,2020-05-13,acquisition,550.0
2020-05,2020-05-14,acquisition,516.0
2020-05,2020-05-15,acquisition,522.0
2020-05,2020-05-16,acquisition,509.0
2020-05,2020-05-17,acquisition,543.0
2020-05,2020-05-18,acquisition,532.0
2020-05,2020-05-19,acquisition,563.0
2020-05,2020-05-20,acquisition,544.0
2020-05,2020-05-21,acquisition,512.0
2020-05,2020-05-22,acquisition,523.0
2020-05,2020-05-23,acquisition,506.0
2020-05,2020-05-24,acquisition,496.0
2020-05,2020-05-25,acquisition,515.0
2020-05,2020-05-26,acquisition,509.0
2020-05,2020-05-27,acquisition,510.0
2020-05,2020-05-28,acquisition,551.0
2020-05,2020-05-29,acquisition,483.0
2020-05,2020-05-30,acquisition,539.0
2020-05,2020-05-31,acquisition,532.0
2020-06,2020-06-01,acquisition,518.0
2020-06,2020-06-02,acquisition,544.0
2020-06,2020-06-03,acquisition,512.0
2020-06,2020-06-04,acquisition,479.0
2020-06,2020-06-05,acquisition,482.0
2020-06,2020-06-06,acquisition,503.0
2020-06,2020-06-07,acquisition,504.0
2020-06,2020-06-08,acquisition,554.0
2020-06,2020-06-09,acquisition,533.0
2020-06,2020-06-10,acquisition,536.0
2020-06,2020-06-11,acquisition,470.0
2020-06,2020-06-12,acquisition,507.0
2020-06,2020-06-13,acquisition,529.0
2020-06,2020-06-14,acquisition,527.0
2020-06,2020-06-15,acquisition,556.0
2020-06,2020-06-16,acquisition,489.0
2020-06,2020-06-17,acquisition,484.0
2020-06,2020-06-18,acquisition,532.0
2020-06,2020-06-19,acquisition,522.0
2020-06,2020-06-20,acquisition,514.0
2020-06,2020-06-21,acquisition,534.0
2020-06,2020-06-22,acquisition,524.0
2020-06,2020-06-23,acquisition,511.0
2020-06,2020-06-24,acquisition,542.0
2020-06,2020-06-25,acquisition,519.0
2020-06,2020-06-26,acquisition,534.0
2020-06,2020-06-27,acquisition,525.0
2020-06,2020-06-28,acquisition,475.0
2020-06,2020-06-29,acquisition,512.0
2020-06,2020-06-30,acquisition,503.0
2020-07,2020-07-01,acquisition,533.0
2020-07,2020-07-02,acquisition,519.0
2020-07,2020-07-03,acquisition,486.0
2020-07,2020-07-04,acquisition,532.0
2020-07,2020-07-05,acquisition,510.0
2020-07,2020-07-06,acquisition,503.0
2020-07,2020-07-07,acquisition,500.0
2020-07,2020-07-08,acquisition,513.0
2020-07,2020-07-09,acquisition,511.0
2020-07,2020-07-10,acquisition,517.0
2020-07,2020-07-11,acquisition,513.0
2020-07,2020-07-12,acquisition,498.0
2020-07,2020-07-13,acquisition,513.0
2020-07,2020-07-14,acquisition,519.0
2020-07,2020-07-15,acquisition,561.0
2020-07,2020-07-16,acquisition,497.0
2020-07,2020-07-17,acquisition,513.0
2020-07,2020-07-18,acquisition,545.0
2020-07,2020-07-19,acquisition,496.0
2020-07,2020-07-20,acquisition,529.0
2020-07,2020-07-21,acquisition,532.0
2020-07,2020-07-22,acquisition,543.0
2020-07,2020-07-23,acquisition,516.0
2020-07,2020-07-24,acquisition,516.0
2020-07,2020-07-25,acquisition,523.0
2020-07,2020-07-26,acquisition,546.0
2020-07,2020-07-27,acquisition,570.0
2020-07,2020-07-28,acquisition,531.0
2020-07,2020-07-29,acquisition,511.0
2020-07,2020-07-30,acquisition,527.0
2020-07,2020-07-31,acquisition,529.0
2020-08,2020-08-01,acquisition,555.0
2020-08,2020-08-02,acquisition,519.0
2020-08,2020-08-03,acquisition,504.0
2020-08,2020-08-04,acquisition,543.0
2020-08,2020-08-05,acquisition,554.0
2020-08,2020-08-06,acquisition,529.0
2020-08,2020-08-07,acquisition,507.0
2020-08,2020-08-08,acquisition,519.0
2020-08,2020-08-09,acquisition,531.0
2020-08,2020-08-10,acquisition,492.0
2020-08,2020-08-11,acquisition,515.0
2020-08,2020-08-12,acquisition,505.0
2020-08,2020-08-13,acquisition,522.0
2020-08,2020-08-14,acquisition,528.0
2020-08,2020-08-15,acquisition,558.0
2020-08,2020-08-16,acquisition,523.0
2020-08,2020-08-17,acquisition,482.0
2020-08,2020-08-18,acquisition,521.0
2020-08,2020-08-19,acquisition,529.0
2020-08,2020-08-20,acquisition,561.0
2020-08,2020-08-21,acquisition,525.0
2020-08,2020-08-22,acquisition,517.0
2020-08,2020-08-23,acquisition,509.0
2020-08,2020-08-24,acquisition,509.0
2020-08,2020-08-25,acquisition,529.0
2020-08,2020-08-26,acquisition,524.0
2020-08,2020-08-27,acquisition,555.0
2020-08,2020-08-28,acquisition,481.0
2020-08,2020-08-29,acquisition,533.0
2020-08,2020-08-30,acquisition,521.0
2020-08,2020-08-31,acquisition,494.0
2020-09,2020-09-01,acquisition,522.0
2020-09,2020-09-02,acquisition,500.0
2020-09,2020-09-03,acquisition,508.0
2020-09,2020-09-04,acquisition,488.0
2020-09,2020-09-05,acquisition,493.0
2020-09,2020-09-06,acquisition,504.0
2020-09,2020-09-07,acquisition,508.0
2020-09,2020-09-08,acquisition,518.0
2020-09,2020-09-09,acquisition,482.0
2020-09,2020-09-10,acquisition,523.0
2020-09,2020-09-11,acquisition,486.0
2020-09,2020-09-12,acquisition,514.0
2020-09,2020-09-13,acquisition,486.0
2020-09,2020-09-14,acquisition,544.0
2020-09,2020-09-15,acquisition,520.0
2020-09,2020-09-16,acquisition,483.0
2020-09,2020-09-17,acquisition,532.0
2020-09,2020-09-18,acquisition,518.0
2020-09,2020-09-19,acquisition,505.0
2020-09,2020-09-20,acquisition,536.0
2020-09,2020-09-21,acquisition,520.0
2020-09,2020-09-22,acquisition,494.0
2020-09,2020-09-23,acquisition,485.0
2020-09,2020-09-24,acquisition,542.0
2020-09,2020-09-25,acquisition,497.0
2020-09,2020-09-26,acquisition,561.0
2020-09,2020-09-27,acquisition,501.0
2020-09,2020-09-28,acquisition,534.0
2020-09,2020-09-29,acquisition,549.0
2020-09,2020-09-30,acquisition,556.0
2020-10,2020-10-01,acquisition,488.0
2020-10,2020-10-02,acquisition,517.0
2020-10,2020-10-03,acquisition,532.0
2020-10,2020-10-04,acquisition,535.0
2020-10,2020-10-05,acquisition,506.0
2020-10,2020-10-06,acquisition,494.0
2020-10,2020-10-07,acquisition,511.0
2020-10,2020-10-08,acquisition,522.0
2020-10,2020-10-09,acquisition,533.0
2020-10,2020-10-10,acquisition,525.0
2020-10,2020-10-11,acquisition,533.0
2020-10,2020-10-12,acquisition,515.0
2020-10,2020-10-13,acquisition,520.0
2020-10,2020-10-14,acquisition,486.0
2020-10,2020-10-15,acquisition,522.0
2020-10,2020-10-16,acquisition,467.0
2020-10,2020-10-17,acquisition,504.0
2020-10,2020-10-18,acquisition,507.0
2020-10,2020-10-19,acquisition,521.0
2020-10,2020-10-20,acquisition,542.0
2020-10,2020-10-21,acquisition,508.0
2020-10,2020-10-22,acquisition,514.0
2020-10,2020-10-23,acquisition,497.0
2020-10,2020-10-24,acquisition,507.0
2020-10,2020-10-25,acquisition,486.0
2020-10,2020-10-26,acquisition,501.0
2020-10,2020-10-27,acquisition,520.0
2020-10,2020-10-28,acquisition,531.0
2020-10,2020-10-29,acquisition,552.0
2020-10,2020-10-30,acquisition,520.0
2020-10,2020-10-31,acquisition,528.0
2020-11,2020-11-01,acquisition,503.0
2020-11,2020-11-02,acquisition,527.0
2020-11,2020-11-03,acquisition,515.0
2020-11,2020-11-04,acquisition,499.0
2020-11,2020-11-05,acquisition,487.0
2020-11,2020-11-06,acquisition,531.0
2020-11,2020-11-07,acquisition,507.0
2020-11,2020-11-08,acquisition,505.0
2020-11,2020-11-09,acquisition,530.0
2020-11,2020-11-10,acquisition,521.0
2020-11,2020-11-11,acquisition,512.0
2020-11,2020-11-12,acquisition,512.0
2020-11,2020-11-13,acquisition,488.0
2020-11,2020-11-14,acquisition,576.0
2020-11,2020-11-15,acquisition,498.0
2020-11,2020-11-16,acquisition,504.0
2020-11,2020-11-17,acquisition,492.0
2020-11,2020-11-18,acquisition,522.0
2020-11,2020-11-19,acquisition,521.0
2020-11,2020-11-20,acquisition,514.0
2020-11,2020-11-21,acquisition,493.0
2020-11,2020-11-22,acquisition,497.0
2020-11,2020-11-23,acquisition,491.0
2020-11,2020-11-24,acquisition,549.0
2020-11,2020-11-25,acquisition,524.0
2020-11,2020-11-26,acquisition,532.0
2020-11,2020-11-27,acquisition,537.0
2020-11,2020-11-28,acquisition,515.0
2020-11,2020-11-29,acquisition,531.0
2020-11,2020-11-30,acquisition,514.0
2020-12,2020-12-01,acquisition,535.0
2020-12,2020-12-02,acquisition,523.0
2020-12,2020-12-03,acquisition,520.0
2020-12,2020-12-04,acquisition,519.0
2020-12,2020-12-05,acquisition,550.0
2020-12,2020-12-06,acquisition,513.0
2020-12,2020-12-07,acquisition,483.0
2020-12,2020-12-08,acquisition,547.0
2020-12,2020-12-09,acquisition,527.0
2020-12,2020-12-10,acquisition,540.0
2020-12,2020-12-11,acquisition,490.0
2020-12,2020-12-12,acquisition,518.0
2020-12,2020-12-13,acquisition,519.0
2020-12,2020-12-14,acquisition,506.0
2020-12,2020-12-15,acquisition,511.0
2020-12,2020-12-16,acquisition,544.0
2020-12,2020-12-17,acquisition,491.0
2020-12,2020-12-18,acquisition,519.0
2020-12,2020-12-19,acquisition,510.0
2020-12,2020-12-20,acquisition,495.0
2020-12,2020-12-21,acquisition,521.0
2020-12,2020-12-22,acquisition,586.0
2020-12,2020-12-23,acquisition,534.0
2020-12,2020-12-24,acquisition,494.0
2020-12,2020-12-25,acquisition,545.0
2020-12,2020-12-26,acquisition,493.0
2020-12,2020-12-27,acquisition,541.0
2020-12,2020-12-28,acquisition,498.0
2020-12,2020-12-29,acquisition,487.0
2020-12,2020-12-30,acquisition,523.0
2020-12,2020-12-31,acquisition,515.0
2021-01,2021-01-01,acquisition,546.0
2021-01,2021-01-02,acquisition,528.0
2021-01,2021-01-03,acquisition,523.0
2021-01,2021-01-04,acquisition,531.0
2021-01,2021-01-05,acquisition,522.0
2021-01,2021-01-06,acquisition,508.0
2021-01,2021-01-07,acquisition,547.0
2021-01,2021-01-08,acquisition,498.0
2021-01,2021-01-09,acquisition,531.0
2021-01,2021-01-10,acquisition,572.0
2021-01,2021-01-11,acquisition,541.0
2021-01,2021-01-12,acquisition,476.0
2021-01,2021-01-13,acquisition,561.0
2021-01,2021-01-14,acquisition,510.0
2021-01,2021-01-15,acquisition,532.0
2021-01,2021-01-16,acquisition,508.0
2021-01,2021-01-17,acquisition,521.0
2021-01,2021-01-18,acquisition,519.0
2021-01,2021-01-19,acquisition,497.0
2021-01,2021-01-20,acquisition,500.0
2021-01,2021-01-21,acquisition,527.0
2021-01,2021-01-22,acquisition,540.0
2021-01,2021-01-23,acquisition,503.0
2021-01,2021-01-24,acquisition,516.0
2021-01,2021-01-25,acquisition,504.0
2021-01,2021-01-26,acquisition,496.0
2021-01,2021-01-27,acquisition,523.0
2021-01,2021-01-28,acquisition,537.0
2021-01,2021-01-29,acquisition,542.0
2021-01,2021-01-30,acquisition,511.0
2021-01,2021-01-31,acquisition,479.0
2021-02,2021-02-01,acquisition,476.0
2021-02,2021-02-02,acquisition,525.0
2021-02,2021-02-03,acquisition,501.0
2021-02,2021-02-04,acquisition,486.0
2021-02,2021-02-05,acquisition,521.0
2021-02,2021-02-06,acquisition,531.0
2021-02,2021-02-07,acquisition,508.0
2021-02,2021-02-08,acquisition,502.0
2021-02,2021-02-09,acquisition,519.0
2021-02,2021-02-10,acquisition,514.0
2021-02,2021-02-11,acquisition,524.0
2021-02,2021-02-12,acquisition,509.0
2021-02,2021-02-13,acquisition,503.0
2021-02,2021-02-14,acquisition,477.0
2021-02,2021-02-15,acquisition,489.0
2021-02,2021-02-16,acquisition,488.0
2021-02,2021-02-17,acquisition,531.0
2021-02,2021-02-18,acquisition,519.0
2021-02,2021-02-19,acquisition,501.0
2021-02,2021-02-20,acquisition,503.0
2021-02,2021-02-21,acquisition,498.0
2021-02,2021-02-22,acquisition,503.0
2021-02,2021-02-23,acquisition,520.0
2021-02,2021-02-24,acquisition,533.0
2021-02,2021-02-25,acquisition,513.0
2021-02,2021-02-26,acquisition,535.0
2021-02,2021-02-27,acquisition,539.0
2021-02,2021-02-28,acquisition,518.0
2021-03,2021-03-01,acquisition,524.0
2021-03,2021-03-02,acquisition,503.0
2021-03,2021-03-03,acquisition,502.0
2021-03,2021-03-04,acquisition,486.0
2021-03,2021-03-05,acquisition,500.0
2021-03,2021-03-06,acquisition,523.0
2021-03,2021-03-07,acquisition,482.0
2021-03,2021-03-08,acquisition,503.0
2021-03,2021-03-09,acquisition,487.0
2021-03,2021-03-10,acquisition,528.0
2021-03,2021-03-11,acquisition,481.0
2021-03,2021-03-12,acquisition,490.0
2021-03,2021-03-13,acquisition,565.0
2021-03,2021-03-14,acquisition,481.0
2021-03,2021-03-15,acquisition,494.0
2021-03,2021-03-16,acquisition,532.0
2021-03,2021-03-17,acquisition,493.0
2021-03,2021-03-18,acquisition,535.0
2021-03,2021-03-19,acquisition,503.0
2021-03,2021-03-20,acquisition,480.0
2021-03,2021-03-21,acquisition,492.0
2021-03,2021-03-22,acquisition,502.0
2021-03,2021-03-23,acquisition,472.0
2021-03,2021-03-24,acquisition,475.0
2021-03,2021-03-25,acquisition,510.0
2021-03,2021-03-26,acquisition,495.0
2021-03,2021-03-27,acquisition,507.0
2021-03,2021-03-28,acquisition,524.0
2021-03,2021-03-29,acquisition,496.0
2021-03,2021-03-30,acquisition,513.0
2021-03,2021-03-31,acquisition,502.0
2021-04,2021-04-01,acquisition,511.0
2021-04,2021-04-02,acquisition,531.0
2021-04,2021-04-03,acquisition,472.0
2021-04,2021-04-04,acquisition,473.0
2021-04,2021-04-05,acquisition,457.0
2021-04,2021-04-06,acquisition,541.0
2021-04,2021-04-07,acquisition,469.0
2021-04,2021-04-08,acquisition,514.0
2021-04,2021-04-09,acquisition,491.0
2021-04,2021-04-10,acquisition,485.0
2021-04,2021-04-11,acquisition,518.0
2021-04,2021-04-12,acquisition,510.0
2021-04,2021-04-13,acquisition,505.0
2021-04,2021-04-14,acquisition,479.0
2021-04,2021-04-15,acquisition,501.0
2021-04,2021-04-16,acquisition,505.0
2021-04,2021-04-17,acquisition,466.0
2021-04,2021-04-18,acquisition,486.0
2021-04,2021-04-19,acquisition,507.0
2021-04,2021-04-20,acquisition,436.0
2021-04,2021-04-21,acquisition,524.0
2021-04,2021-04-22,acquisition,517.0
2021-04,2021-04-23,acquisition,469.0
2021-04,2021-04-24,acquisition,478.0
2021-04,2021-04-25,acquisition,492.0
2021-04,2021-04-26,acquisition,522.0
2021-04,2021-04-27,acquisition,471.0
2021-04,2021-04-28,acquisition,461.0
2021-04,2021-04-29,acquisition,478.0
2021-04,2021-04-30,acquisition,544.0
2021-05,2021-05-01,acquisition,499.0
2021-05,2021-05-02,acquisition,483.0
2021-05,2021-05-03,acquisition,474.0
2021-05,2021-05-04,acquisition,483.0
2021-05,2021-05-05,acquisition,489.0
2021-05,2021-05-06,acquisition,463.0
2021-05,2021-05-07,acquisition,449.0
2021-05,2021-05-08,acquisition,514.0
2021-05,2021-05-09,acquisition,480.0
2021-05,2021-05-10,acquisition,462.0
2021-05,2021-05-11,acquisition,513.0
2021-05,2021-05-12,acquisition,464.0
2021-05,2021-05-13,acquisition,474.0
2021-05,2021-05-14,acquisition,523.0
2021-05,2021-05-15,acquisition,502.0
2021-05,2021-05-16,acquisition,482.0
2021-05,2021-05-17,acquisition,490.0
2021-05,2021-05-18,acquisition,501.0
2021-05,2021-05-19,acquisition,481.0
2021-05,2021-05-20,acquisition,480.0
2021-05,2021-05-21,acquisition,463.0
2021-05,2021-05-22,acquisition,506.0
2021-05,2021-05-23,acquisition,463.0
2021-05,2021-05-24,acquisition,463.0
2021-05,2021-05-25,acquisition,507.0
2021-05,2021-05-26,acquisition,502.0
2021-05,2021-05-27,acquisition,499.0
2021-05,2021-05-28,acquisition,505.0
2021-05,2021-05-29,acquisition,531.0
2021-05,2021-05-30,acquisition,512.0
2021-05,2021-05-31,acquisition,538.0
2021-06,2021-06-01,acquisition,483.0
2021-06,2021-06-02,acquisition,506.0
2021-06,2021-06-03,acquisition,476.0
2021-06,2021-06-04,acquisition,481.0
2021-06,2021-06-05,acquisition,493.0
2021-06,2021-06-06,acquisition,475.0
2021-06,2021-06-07,acquisition,465.0
2021-06,2021-06-08,acquisition,460.0
2021-06,2021-06-09,acquisition,488.0
2021-06,2021-06-10,acquisition,458.0
2021-06,2021-06-11,acquisition,477.0
2021-06,2021-06-12,acquisition,487.0
2021-06,2021-06-13,acquisition,508.0
2021-06,2021-06-14,acquisition,455.0
2021-06,2021-06-15,acquisition,482.0
2021-06,2021-06-16,acquisition,491.0
2021-06,2021-06-17,acquisition,497.0
2021-06,2021-06-18,acquisition,477.0
2021-06,2021-06-19,acquisition,479.0
2021-06,2021-06-20,acquisition,478.0
2021-06,2021-06-21,acquisition,505.0
2021-06,2021-06-22,acquisition,479.0
2021-06,2021-06-23,acquisition,472.0
2021-06,2021-06-24,acquisition,505.0
2021-06,2021-06-25,acquisition,481.0
2021-06,2021-06-26,acquisition,482.0
2021-06,2021-06-27,acquisition,467.0
2021-06,2021-06-28,acquisition,483.0
2021-06,2021-06-29,acquisition,484.0
2021-06,2021-06-30,acquisition,470.0
2021-07,2021-07-01,acquisition,460.0
2021-07,2021-07-02,acquisition,451.0
2021-07,2021-07-03,acquisition,483.0
2021-07,2021-07-04,acquisition,441.0
2021-07,2021-07-05,acquisition,446.0
2021-07,2021-07-06,acquisition,495.0
2021-07,2021-07-07,acquisition,516.0
2021-07,2021-07-08,acquisition,459.0
2021-07,2021-07-09,acquisition,474.0
2021-07,2021-07-10,acquisition,487.0
2021-07,2021-07-11,acquisition,474.0
2021-07,2021-07-12,acquisition,497.0
2021-07,2021-07-13,acquisition,449.0
2021-07,2021-07-14,acquisition,484.0
2021-07,2021-07-15,acquisition,442.0
2021-07,2021-07-16,acquisition,474.0
2021-07,2021-07-17,acquisition,459.0
2021-07,2021-07-18,acquisition,416.0
2021-07,2021-07-19,acquisition,453.0
2021-07,2021-07-20,acquisition,491.0
2021-07,2021-07-21,acquisition,445.0
2021-07,2021-07-22,acquisition,432.0
2021-07,2021-07-23,acquisition,473.0
2021-07,2021-07-24,acquisition,481.0
2021-07,2021-07-25,acquisition,445.0
2021-07,2021-07-26,acquisition,473.0
2021-07,2021-07-27,acquisition,449.0
2021-07,2021-07-28,acquisition,489.0
2021-07,2021-07-29,acquisition,469.0
2021-07,2021-07-30,acquisition,482.0
2021-07,2021-07-31,acquisition,403.0
2021-08,2021-08-01,acquisition,482.0
2021-08,2021-08-02,acquisition,464.0
2021-08,2021-08-03,acquisition,438.0
2021-08,2021-08-04,acquisition,487.0
2021-08,2021-08-05,acquisition,436.0
2021-08,2021-08-06,acquisition,472.0
2021-08,2021-08-07,acquisition,501.0
2021-08,2021-08-08,acquisition,423.0
2021-08,2021-08-09,acquisition,474.0
2021-08,2021-08-10,acquisition,461.0
2021-08,2021-08-11,acquisition,508.0
2021-08,2021-08-12,acquisition,454.0
2021-08,2021-08-13,acquisition,434.0
2021-08,2021-08-14,acquisition,450.0
2021-08,2021-08-15,acquisition,459.0
2021-08,2021-08-16,acquisition,453.0
2021-08,2021-08-17,acquisition,472.0
2021-08,2021-08-18,acquisition,444.0
2021-08,2021-08-19,acquisition,467.0
2021-08,2021-08-20,acquisition,450.0
2021-08,2021-08-21,acquisition,454.0
2021-08,2021-08-22,acquisition,478.0
2021-08,2021-08-23,acquisition,500.0
2021-08,2021-08-24,acquisition,503.0
2021-08,2021-08-25,acquisition,450.0
2021-08,2021-08-26,acquisition,489.0
2021-08,2021-08-27,acquisition,461.0
2021-08,2021-08-28,acquisition,439.0
2021-08,2021-08-29,acquisition,465.0
2021-08,2021-08-30,acquisition,511.0
2021-08,2021-08-31,acquisition,470.0
2021-09,2021-09-01,acquisition,486.0
2021-09,2021-09-02,acquisition,458.0
2021-09,2021-09-03,acquisition,474.0
2021-09,2021-09-04,acquisition,425.0
2021-09,2021-09-05,acquisition,473.0
2021-09,2021-09-06,acquisition,427.0
2021-09,2021-09-07,acquisition,489.0
2021-09,2021-09-08,acquisition,423.0
2021-09,2021-09-09,acquisition,485.0
2021-09,2021-09-10,acquisition,439.0
2021-09,2021-09-11,acquisition,459.0
2021-09,2021-09-12,acquisition,489.0
2021-09,2021-09-13,acquisition,436.0
2021-09,2021-09-14,acquisition,446.0
2021-09,2021-09-15,acquisition,463.0
2021-09,2021-09-16,acquisition,454.0
2021-09,2021-09-17,acquisition,444.0
2021-09,2021-09-18,acquisition,485.0
2021-09,2021-09-19,acquisition,454.0
2021-09,2021-09-20,acquisition,464.0
2021-09,2021-09-21,acquisition,483.0
2021-09,2021-09-22,acquisition,426.0
2021-09,2021-09-23,acquisition,458.0
2021-09,2021-09-24,acquisition,437.0
2021-09,2021-09-25,acquisition,451.0
2021-09,2021-09-26,acquisition,444.0
2021-09,2021-09-27,acquisition,471.0
2021-09,2021-09-28,acquisition,458.0
2021-09,2021-09-29,acquisition,463.0
2021-09,2021-09-30,acquisition,477.0
2021-10,2021-10-01,acquisition,468.0
2021-10,2021-10-02,acquisition,453.0
2021-10,2021-10-03,acquisition,453.0
2021-10,2021-10-04,acquisition,447.0
2021-10,2021-10-05,acquisition,423.0
2021-10,2021-10-06,acquisition,444.0
2021-10,2021-10-07,acquisition,386.0
2021-10,2021-10-08,acquisition,474.0
2021-10,2021-10-09,acquisition,463.0
2021-10,2021-10-10,acquisition,429.0
2021-10,2021-10-11,acquisition,469.0
2021-10,2021-10-12,acquisition,465.0
2021-10,2021-10-13,acquisition,436.0
2021-10,2021-10-14,acquisition,458.0
2021-10,2021-10-15,acquisition,471.0
2021-10,2021-10-16,acquisition,439.0
2021-10,2021-10-17,acquisition,474.0
2021-10,2021-10-18,acquisition,416.0
2021-10,2021-10-19,acquisition,387.0
2021-10,2021-10-20,acquisition,437.0
2021-10,2021-10-21,acquisition,464.0
2021-10,2021-10-22,acquisition,446.0
2021-10,2021-10-23,acquisition,467.0
2021-10,2021-10-24,acquisition,456.0
2021-10,2021-10-25,acquisition,438.0
2021-10,2021-10-26,acquisition,429.0
2021-10,2021-10-27,acquisition,471.0
2021-10,2021-10-28,acquisition,468.0
2021-10,2021-10-29,acquisition,408.0
2021-10,2021-10-30,acquisition,464.0
2021-10,2021-10-31,acquisition,478.0
2021-11,2021-11-01,acquisition,454.0
2021-11,2021-11-02,acquisition,420.0
2021-11,2021-11-03,acquisition,436.0
2021-11,2021-11-04,acquisition,440.0
2021-11,2021-11-05,acquisition,417.0
2021-11,2021-11-06,acquisition,422.0
2021-11,2021-11-07,acquisition,428.0
2021-11,2021-11-08,acquisition,459.0
2021-11,2021-11-09,acquisition,436.0
2021-11,2021-11-10,acquisition,437.0
2021-11,2021-11-11,acquisition,444.0
2021-11,2021-11-12,acquisition,403.0
2021-11,2021-11-13,acquisition,425.0
2021-11,2021-11-14,acquisition,432.0
2021-11,2021-11-15,acquisition,457.0
2021-11,2021-11-16,acquisition,468.0
2021-11,2021-11-17,acquisition,425.0
2021-11,2021-11-18,acquisition,444.0
2021-11,2021-11-19,acquisition,421.0
2021-11,2021-11-20,acquisition,451.0
2021-11,2021-11-21,acquisition,439.0
2021-11,2021-11-22,acquisition,452.0
2021-11,2021-11-23,acquisition,460.0
2021-11,2021-11-24,acquisition,458.0
2021-11,2021-11-25,acquisition,456.0
2021-11,2021-11-26,acquisition,442.0
2021-11,2021-11-27,acquisition,475.0
2021-11,2021-11-28,acquisition,466.0
2021-11,2021-11-29,acquisition,439.0
2021-11,2021-11-30,acquisition,448.0
2020-01,2020-01-01,activation,93.0
2020-01,2020-01-02,activation,92.0
2020-01,2020-01-03,activation,78.0
2020-01,2020-01-04,activation,108.0
2020-01,2020-01-05,activation,85.0
2020-01,2020-01-06,activation,94.0
2020-01,2020-01-07,activation,86.0
2020-01,2020-01-08,activation,85.0
2020-01,2020-01-09,activation,92.0
2020-01,2020-01-10,activation,95.0
2020-01,2020-01-11,activation,90.0
2020-01,2020-01-12,activation,96.0
2020-01,2020-01-13,activation,90.0
2020-01,2020-01-14,activation,103.0
2020-01,2020-01-15,activation,84.0
2020-01,2020-01-16,activation,102.0
2020-01,2020-01-17,activation,90.0
2020-01,2020-01-18,activation,94.0
2020-01,2020-01-19,activation,107.0
2020-01,2020-01-20,activation,66.0
2020-01,2020-01-21,activation,98.0
2020-01,2020-01-22,activation,95.0
2020-01,2020-01-23,activation,98.0
2020-01,2020-01-24,activation,85.0
2020-01,2020-01-25,activation,106.0
2020-01,2020-01-26,activation,89.0
2020-01,2020-01-27,activation,103.0
2020-01,2020-01-28,activation,109.0
2020-01,2020-01-29,activation,93.0
2020-01,2020-01-30,activation,101.0
2020-01,2020-01-31,activation,93.0
2020-02,2020-02-01,activation,91.0
2020-02,2020-02-02,activation,80.0
2020-02,2020-02-03,activation,73.0
2020-02,2020-02-04,activation,103.0
2020-02,2020-02-05,activation,86.0
2020-02,2020-02-06,activation,95.0
2020-02,2020-02-07,activation,83.0
2020-02,2020-02-08,activation,73.0
2020-02,2020-02-09,activation,89.0
2020-02,2020-02-10,activation,82.0
2020-02,2020-02-11,activation,78.0
2020-02,2020-02-12,activation,83.0
2020-02,2020-02-13,activation,90.0
2020-02,2020-02-14,activation,78.0
2020-02,2020-02-15,activation,93.0
2020-02,2020-02-16,activation,106.0
2020-02,2020-02-17,activation,78.0
2020-02,2020-02-18,activation,82.0
2020-02,2020-02-19,activation,86.0
2020-02,2020-02-20,activation,88.0
2020-02,2020-02-21,activation,105.0
2020-02,2020-02-22,activation,92.0
2020-02,2020-02-23,activation,84.0
2020-02,2020-02-24,activation,92.0
2020-02,2020-02-25,activation,89.0
2020-02,2020-02-26,activation,91.0
2020-02,2020-02-27,activation,96.0
2020-02,2020-02-28,activation,80.0
2020-02,2020-02-29,activation,76.0
2020-03,2020-03-01,activation,85.0
2020-03,2020-03-02,activation,95.0
2020-03,2020-03-03,activation,83.0
2020-03,2020-03-04,activation,85.0
2020-03,2020-03-05,activation,85.0
2020-03,2020-03-06,activation,92.0
2020-03,2020-03-07,activation,81.0
2020-03,2020-03-08,activation,81.0
2020-03,2020-03-09,activation,96.0
2020-03,2020-03-10,activation,83.0
2020-03,2020-03-11,activation,84.0
2020-03,2020-03-12,activation,107.0
2020-03,2020-03-13,activation,93.0
2020-03,2020-03-14,activation,93.0
2020-03,2020-03-15,activation,88.0
2020-03,2020-03-16,activation,84.0
2020-03,2020-03-17,activation,108.0
2020-03,2020-03-18,activation,87.0
2020-03,2020-03-19,activation,106.0
2020-03,2020-03-20,activation,102.0
2020-03,2020-03-21,activation,79.0
2020-03,2020-03-22,activation,102.0
2020-03,2020-03-23,activation,98.0
2020-03,2020-03-24,activation,99.0
2020-03,2020-03-25,activation,83.0
2020-03,2020-03-26,activation,96.0
2020-03,2020-03-27,activation,104.0
2020-03,2020-03-28,activation,90.0
2020-03,2020-03-29,activation,80.0
2020-03,2020-03-30,activation,95.0
2020-03,2020-03-31,activation,77.0
2020-04,2020-04-01,activation,89.0
2020-04,2020-04-02,activation,87.0
2020-04,2020-04-03,activation,86.0
2020-04,2020-04-04,activation,84.0
2020-04,2020-04-05,activation,105.0
2020-04,2020-04-06,activation,97.0
2020-04,2020-04-07,activation,82.0
2020-04,2020-04-08,activation,95.0
2020-04,2020-04-09,activation,84.0
2020-04,2020-04-10,activation,84.0
2020-04,2020-04-11,activation,86.0
2020-04,2020-04-12,activation,89.0
2020-04,2020-04-13,activation,94.0
2020-04,2020-04-14,activation,96.0
2020-04,2020-04-15,activation,88.0
2020-04,2020-04-16,activation,108.0
2020-04,2020-04-17,activation,90.0
2020-04,2020-04-18,activation,99.0
2020-04,2020-04-19,activation,99.0
2020-04,2020-04-20,activation,103.0
2020-04,2020-04-21,activation,89.0
2020-04,2020-04-22,activation,100.0
2020-04,2020-04-23,activation,93.0
2020-04,2020-04-24,activation,98.0
2020-04,2020-04-25,activation,92.0
2020-04,2020-04-26,activation,101.0
2020-04,2020-04-27,activation,95.0
2020-04,2020-04-28,activation,90.0
2020-04,2020-04-29,activation,75.0
2020-04,2020-04-30,activation,92.0
2020-05,2020-05-01,activation,98.0
2020-05,2020-05-02,activation,102.0
2020-05,2020-05-03,activation,83.0
2020-05,2020-05-04,activation,98.0
2020-05,2020-05-05,activation,97.0
2020-05,2020-05-06,activation,80.0
2020-05,2020-05-07,activation,72.0
2020-05,2020-05-08,activation,93.0
2020-05,2020-05-09,activation,93.0
2020-05,2020-05-10,activation,95.0
2020-05,2020-05-11,activation,94.0
2020-05,2020-05-12,activation,107.0
2020-05,2020-05-13,activation,92.0
2020-05,2020-05-14,activation,79.0
2020-05,2020-05-15,activation,86.0
2020-05,2020-05-16,activation,78.0
2020-05,2020-05-17,activation,99.0
2020-05,2020-05-18,activation,93.0
2020-05,2020-05-19,activation,99.0
2020-05,2020-05-20,activation,95.0
2020-05,2020-05-21,activation,89.0
2020-05,2020-05-22,activation,100.0
2020-05,2020-05-23,activation,73.0
2020-05,2020-05-24,activation,81.0
2020-05,2020-05-25,activation,91.0
2020-05,2020-05-26,activation,107.0
2020-05,2020-05-27,activation,79.0
2020-05,2020-05-28,activation,115.0
2020-05,2020-05-29,activation,67.0
2020-05,2020-05-30,activation,94.0
2020-05,2020-05-31,activation,99.0
2020-06,2020-06-01,activation,77.0
2020-06,2020-06-02,activation,100.0
2020-06,2020-06-03,activation,95.0
2020-06,2020-06-04,activation,87.0
2020-06,2020-06-05,activation,82.0
2020-06,2020-06-06,activation,88.0
2020-06,2020-06-07,activation,92.0
2020-06,2020-06-08,activation,90.0
2020-06,2020-06-09,activation,90.0
2020-06,2020-06-10,activation,102.0
2020-06,2020-06-11,activation,75.0
2020-06,2020-06-12,activation,84.0
2020-06,2020-06-13,activation,86.0
2020-06,2020-06-14,activation,92.0
2020-06,2020-06-15,activation,89.0
2020-06,2020-06-16,activation,89.0
2020-06,2020-06-17,activation,94.0
2020-06,2020-06-18,activation,80.0
2020-06,2020-06-19,activation,94.0
2020-06,2020-06-20,activation,97.0
2020-06,2020-06-21,activation,107.0
2020-06,2020-06-22,activation,96.0
2020-06,2020-06-23,activation,98.0
2020-06,2020-06-24,activation,83.0
2020-06,2020-06-25,activation,105.0
2020-06,2020-06-26,activation,90.0
2020-06,2020-06-27,activation,106.0
2020-06,2020-06-28,activation,97.0
2020-06,2020-06-29,activation,95.0
2020-06,2020-06-30,activation,80.0
2020-07,2020-07-01,activation,98.0
2020-07,2020-07-02,activation,82.0
2020-07,2020-07-03,activation,85.0
2020-07,2020-07-04,activation,97.0
2020-07,2020-07-05,activation,90.0
2020-07,2020-07-06,activation,93.0
2020-07,2020-07-07,activation,91.0
2020-07,2020-07-08,activation,93.0
2020-07,2020-07-09,activation,73.0
2020-07,2020-07-10,activation,94.0
2020-07,2020-07-11,activation,91.0
2020-07,2020-07-12,activation,95.0
2020-07,2020-07-13,activation,84.0
2020-07,2020-07-14,activation,82.0
2020-07,2020-07-15,activation,83.0
2020-07,2020-07-16,activation,76.0
2020-07,2020-07-17,activation,91.0
2020-07,2020-07-18,activation,77.0
2020-07,2020-07-19,activation,98.0
2020-07,2020-07-20,activation,99.0
2020-07,2020-07-21,activation,96.0
2020-07,2020-07-22,activation,84.0
2020-07,2020-07-23,activation,91.0
2020-07,2020-07-24,activation,90.0
2020-07,2020-07-25,activation,87.0
2020-07,2020-07-26,activation,91.0
2020-07,2020-07-27,activation,99.0
2020-07,2020-07-28,activation,89.0
2020-07,2020-07-29,activation,81.0
2020-07,2020-07-30,activation,93.0
2020-07,2020-07-31,activation,85.0
2020-08,2020-08-01,activation,111.0
2020-08,2020-08-02,activation,100.0
2020-08,2020-08-03,activation,107.0
2020-08,2020-08-04,activation,108.0
2020-08,2020-08-05,activation,78.0
2020-08,2020-08-06,activation,97.0
2020-08,2020-08-07,activation,91.0
2020-08,2020-08-08,activation,96.0
2020-08,2020-08-09,activation,93.0
2020-08,2020-08-10,activation,95.0
2020-08,2020-08-11,activation,82.0
2020-08,2020-08-12,activation,103.0
2020-08,2020-08-13,activation,101.0
2020-08,2020-08-14,activation,74.0
2020-08,2020-08-15,activation,115.0
2020-08,2020-08-16,activation,93.0
2020-08,2020-08-17,activation,98.0
2020-08,2020-08-18,activation,92.0
2020-08,2020-08-19,activation,88.0
2020-08,2020-08-20,activation,94.0
2020-08,2020-08-21,activation,108.0
2020-08,2020-08-22,activation,89.0
2020-08,2020-08-23,activation,100.0
2020-08,2020-08-24,activation,91.0
2020-08,2020-08-25,activation,85.0
2020-08,2020-08-26,activation,102.0
2020-08,2020-08-27,activation,104.0
2020-08,2020-08-28,activation,82.0
2020-08,2020-08-29,activation,85.0
2020-08,2020-08-30,activation,94.0
2020-08,2020-08-31,activation,86.0
2020-09,2020-09-01,activation,104.0
2020-09,2020-09-02,activation,94.0
2020-09,2020-09-03,activation,107.0
2020-09,2020-09-04,activation,88.0
2020-09,2020-09-05,activation,77.0
2020-09,2020-09-06,activation,92.0
2020-09,2020-09-07,activation,81.0
2020-09,2020-09-08,activation,74.0
2020-09,2020-09-09,activation,81.0
2020-09,2020-09-10,activation,97.0
2020-09,2020-09-11,activation,98.0
2020-09,2020-09-12,activation,91.0
2020-09,2020-09-13,activation,97.0
2020-09,2020-09-14,activation,102.0
2020-09,2020-09-15,activation,104.0
2020-09,2020-09-16,activation,90.0
2020-09,2020-09-17,activation,84.0
2020-09,2020-09-18,activation,98.0
2020-09,2020-09-19,activation,88.0
2020-09,2020-09-20,activation,89.0
2020-09,2020-09-21,activation,88.0
2020-09,2020-09-22,activation,103.0
2020-09,2020-09-23,activation,90.0
2020-09,2020-09-24,activation,84.0
2020-09,2020-09-25,activation,89.0
2020-09,2020-09-26,activation,105.0
2020-09,2020-09-27,activation,91.0
2020-09,2020-09-28,activation,82.0
2020-09,2020-09-29,activation,86.0
2020-09,2020-09-30,activation,86.0
2020-10,2020-10-01,activation,85.0
2020-10,2020-10-02,activation,85.0
2020-10,2020-10-03,activation,100.0
2020-10,2020-10-04,activation,106.0
2020-10,2020-10-05,activation,92.0
2020-10,2020-10-06,activation,88.0
2020-10,2020-10-07,activation,89.0
2020-10,2020-10-08,activation,83.0
2020-10,2020-10-09,activation,103.0
2020-10,2020-10-10,activation,87.0
2020-10,2020-10-11,activation,103.0
2020-10,2020-10-12,activation,87.0
2020-10,2020-10-13,activation,81.0
2020-10,2020-10-14,activation,75.0
2020-10,2020-10-15,activation,89.0
2020-10,2020-10-16,activation,80.0
2020-10,2020-10-17,activation,85.0
2020-10,2020-10-18,activation,74.0
2020-10,2020-10-19,activation,102.0
2020-10,2020-10-20,activation,93.0
2020-10,2020-10-21,activation,86.0
2020-10,2020-10-22,activation,81.0
2020-10,2020-10-23,activation,72.0
2020-10,2020-10-24,activation,87.0
2020-10,2020-10-25,activation,82.0
2020-10,2020-10-26,activation,91.0
2020-10,2020-10-27,activation,102.0
2020-10,2020-10-28,activation,109.0
2020-10,2020-10-29,activation,92.0
2020-10,2020-10-30,activation,101.0
2020-10,2020-10-31,activation,84.0
2020-11,2020-11-01,activation,73.0
2020-11,2020-11-02,activation,90.0
2020-11,2020-11-03,activation,95.0
2020-11,2020-11-04,activation,80.0
2020-11,2020-11-05,activation,92.0
2020-11,2020-11-06,activation,88.0
2020-11,2020-11-07,activation,82.0
2020-11,2020-11-08,activation,89.0
2020-11,2020-11-09,activation,87.0
2020-11,2020-11-10,activation,92.0
2020-11,2020-11-11,activation,90.0
2020-11,2020-11-12,activation,106.0
2020-11,2020-11-13,activation,93.0
2020-11,2020-11-14,activation,91.0
2020-11,2020-11-15,activation,111.0
2020-11,2020-11-16,activation,78.0
2020-11,2020-11-17,activation,85.0
2020-11,2020-11-18,activation,95.0
2020-11,2020-11-19,activation,87.0
2020-11,2020-11-20,activation,97.0
2020-11,2020-11-21,activation,77.0
2020-11,2020-11-22,activation,92.0
2020-11,2020-11-23,activation,86.0
2020-11,2020-11-24,activation,104.0
2020-11,2020-11-25,activation,106.0
2020-11,2020-11-26,activation,90.0
2020-11,2020-11-27,activation,95.0
2020-11,2020-11-28,activation,99.0
2020-11,2020-11-29,activation,75.0
2020-11,2020-11-30,activation,84.0
2020-12,2020-12-01,activation,100.0
2020-12,2020-12-02,activation,85.0
2020-12,2020-12-03,activation,99.0
2020-12,2020-12-04,activation,103.0
2020-12,2020-12-05,activation,95.0
2020-12,2020-12-06,activation,88.0
2020-12,2020-12-07,activation,90.0
2020-12,2020-12-08,activation,95.0
2020-12,2020-12-09,activation,106.0
2020-12,2020-12-10,activation,96.0
2020-12,2020-12-11,activation,84.0
2020-12,2020-12-12,activation,91.0
2020-12,2020-12-13,activation,83.0
2020-12,2020-12-14,activation,94.0
2020-12,2020-12-15,activation,91.0
2020-12,2020-12-16,activation,102.0
2020-12,2020-12-17,activation,66.0
2020-12,2020-12-18,activation,90.0
2020-12,2020-12-19,activation,83.0
2020-12,2020-12-20,activation,77.0
2020-12,2020-12-21,activation,103.0
2020-12,2020-12-22,activation,115.0
2020-12,2020-12-23,activation,94.0
2020-12,2020-12-24,activation,85.0
2020-12,2020-12-25,activation,94.0
2020-12,2020-12-26,activation,89.0
2020-12,2020-12-27,activation,93.0
2020-12,2020-12-28,activation,86.0
2020-12,2020-12-29,activation,94.0
2020-12,2020-12-30,activation,107.0
2020-12,2020-12-31,activation,98.0
2021-01,2021-01-01,activation,91.0
2021-01,2021-01-02,activation,105.0
2021-01,2021-01-03,activation,107.0
2021-01,2021-01-04,activation,84.0
2021-01,2021-01-05,activation,101.0
2021-01,2021-01-06,activation,82.0
2021-01,2021-01-07,activation,88.0
2021-01,2021-01-08,activation,96.0
2021-01,2021-01-09,activation,93.0
2021-01,2021-01-10,activation,114.0
2021-01,2021-01-11,activation,98.0
2021-01,2021-01-12,activation,85.0
2021-01,2021-01-13,activation,78.0
2021-01,2021-01-14,activation,86.0
2021-01,2021-01-15,activation,103.0
2021-01,2021-01-16,activation,101.0
2021-01,2021-01-17,activation,87.0
2021-01,2021-01-18,activation,89.0
2021-01,2021-01-19,activation,85.0
2021-01,2021-01-20,activation,84.0
2021-01,2021-01-21,activation,113.0
2021-01,2021-01-22,activation,89.0
2021-01,2021-01-23,activation,60.0
2021-01,2021-01-24,activation,87.0
2021-01,2021-01-25,activation,73.0
2021-01,2021-01-26,activation,85.0
2021-01,2021-01-27,activation,91.0
2021-01,2021-01-28,activation,89.0
2021-01,2021-01-29,activation,89.0
2021-01,2021-01-30,activation,94.0
2021-01,2021-01-31,activation,86.0
2021-02,2021-02-01,activation,86.0
2021-02,2021-02-02,activation,102.0
2021-02,2021-02-03,activation,71.0
2021-02,2021-02-04,activation,69.0
2021-02,2021-02-05,activation,74.0
2021-02,2021-02-06,activation,89.0
2021-02,2021-02-07,activation,77.0
2021-02,2021-02-08,activation,78.0
2021-02,2021-02-09,activation,92.0
2021-02,2021-02-10,activation,98.0
2021-02,2021-02-11,activation,80.0
2021-02,2021-02-12,activation,72.0
2021-02,2021-02-13,activation,88.0
2021-02,2021-02-14,activation,71.0
2021-02,2021-02-15,activation,83.0
2021-02,2021-02-16,activation,80.0
2021-02,2021-02-17,activation,74.0
2021-02,2021-02-18,activation,69.0
2021-02,2021-02-19,activation,94.0
2021-02,2021-02-20,activation,83.0
2021-02,2021-02-21,activation,66.0
2021-02,2021-02-22,activation,81.0
2021-02,2021-02-23,activation,82.0
2021-02,2021-02-24,activation,85.0
2021-02,2021-02-25,activation,83.0
2021-02,2021-02-26,activation,75.0
2021-02,2021-02-27,activation,66.0
2021-02,2021-02-28,activation,72.0
2021-03,2021-03-01,activation,73.0
2021-03,2021-03-02,activation,69.0
2021-03,2021-03-03,activation,82.0
2021-03,2021-03-04,activation,70.0
2021-03,2021-03-05,activation,67.0
2021-03,2021-03-06,activation,65.0
2021-03,2021-03-07,activation,78.0
2021-03,2021-03-08,activation,63.0
2021-03,2021-03-09,activation,96.0
2021-03,2021-03-10,activation,75.0
2021-03,2021-03-11,activation,65.0
2021-03,2021-03-12,activation,63.0
2021-03,2021-03-13,activation,90.0
2021-03,2021-03-14,activation,64.0
2021-03,2021-03-15,activation,52.0
2021-03,2021-03-16,activation,75.0
2021-03,2021-03-17,activation,75.0
2021-03,2021-03-18,activation,76.0
2021-03,2021-03-19,activation,73.0
2021-03,2021-03-20,activation,78.0
2021-03,2021-03-21,activation,69.0
2021-03,2021-03-22,activation,69.0
2021-03,2021-03-23,activation,58.0
2021-03,2021-03-24,activation,60.0
2021-03,2021-03-25,activation,77.0
2021-03,2021-03-26,activation,61.0
2021-03,2021-03-27,activation,61.0
2021-03,2021-03-28,activation,82.0
2021-03,2021-03-29,activation,53.0
2021-03,2021-03-30,activation,64.0
2021-03,2021-03-31,activation,75.0
2021-04,2021-04-01,activation,71.0
2021-04,2021-04-02,activation,78.0
2021-04,2021-04-03,activation,76.0
2021-04,2021-04-04,activation,74.0
2021-04,2021-04-05,activation,58.0
2021-04,2021-04-06,activation,72.0
2021-04,2021-04-07,activation,57.0
2021-04,2021-04-08,activation,70.0
2021-04,2021-04-09,activation,69.0
2021-04,2021-04-10,activation,75.0
2021-04,2021-04-11,activation,57.0
2021-04,2021-04-12,activation,68.0
2021-04,2021-04-13,activation,56.0
2021-04,2021-04-14,activation,59.0
2021-04,2021-04-15,activation,57.0
2021-04,2021-04-16,activation,70.0
2021-04,2021-04-17,activation,67.0
2021-04,2021-04-18,activation,56.0
2021-04,2021-04-19,activation,74.0
2021-04,2021-04-20,activation,58.0
2021-04,2021-04-21,activation,55.0
2021-04,2021-04-22,activation,54.0
2021-04,2021-04-23,activation,60.0
2021-04,2021-04-24,activation,63.0
2021-04,2021-04-25,activation,62.0
2021-04,2021-04-26,activation,61.0
2021-04,2021-04-27,activation,60.0
2021-04,2021-04-28,activation,44.0
2021-04,2021-04-29,activation,68.0
2021-04,2021-04-30,activation,68.0
2021-05,2021-05-01,activation,59.0
2021-05,2021-05-02,activation,67.0
2021-05,2021-05-03,activation,65.0
2021-05,2021-05-04,activation,68.0
2021-05,2021-05-05,activation,53.0
2021-05,2021-05-06,activation,51.0
2021-05,2021-05-07,activation,47.0
2021-05,2021-05-08,activation,45.0
2021-05,2021-05-09,activation,56.0
2021-05,2021-05-10,activation,53.0
2021-05,2021-05-11,activation,65.0
2021-05,2021-05-12,activation,61.0
2021-05,2021-05-13,activation,64.0
2021-05,2021-05-14,activation,64.0
2021-05,2021-05-15,activation,62.0
2021-05,2021-05-16,activation,49.0
2021-05,2021-05-17,activation,61.0
2021-05,2021-05-18,activation,63.0
2021-05,2021-05-19,activation,66.0
2021-05,2021-05-20,activation,46.0
2021-05,2021-05-21,activation,48.0
2021-05,2021-05-22,activation,63.0
2021-05,2021-05-23,activation,53.0
2021-05,2021-05-24,activation,49.0
2021-05,2021-05-25,activation,60.0
2021-05,2021-05-26,activation,59.0
2021-05,2021-05-27,activation,51.0
2021-05,2021-05-28,activation,68.0
2021-05,2021-05-29,activation,57.0
2021-05,2021-05-30,activation,66.0
2021-05,2021-05-31,activation,66.0
2021-06,2021-06-01,activation,64.0
2021-06,2021-06-02,activation,57.0
2021-06,2021-06-03,activation,59.0
2021-06,2021-06-04,activation,48.0
2021-06,2021-06-05,activation,66.0
2021-06,2021-06-06,activation,57.0
2021-06,2021-06-07,activation,41.0
2021-06,2021-06-08,activation,48.0
2021-06,2021-06-09,activation,53.0
2021-06,2021-06-10,activation,44.0
2021-06,2021-06-11,activation,51.0
2021-06,2021-06-12,activation,45.0
2021-06,2021-06-13,activation,59.0
2021-06,2021-06-14,activation,44.0
2021-06,2021-06-15,activation,44.0
2021-06,2021-06-16,activation,50.0
2021-06,2021-06-17,activation,45.0
2021-06,2021-06-18,activation,52.0
2021-06,2021-06-19,activation,51.0
2021-06,2021-06-20,activation,47.0
2021-06,2021-06-21,activation,57.0
2021-06,2021-06-22,activation,49.0
2021-06,2021-06-23,activation,50.0
2021-06,2021-06-24,activation,57.0
2021-06,2021-06-25,activation,48.0
2021-06,2021-06-26,activation,46.0
2021-06,2021-06-27,activation,46.0
2021-06,2021-06-28,activation,41.0
2021-06,2021-06-29,activation,41.0
2021-06,2021-06-30,activation,50.0
2021-07,2021-07-01,activation,40.0
2021-07,2021-07-02,activation,49.0
2021-07,2021-07-03,activation,37.0
2021-07,2021-07-04,activation,39.0
2021-07,2021-07-05,activation,31.0
2021-07,2021-07-06,activation,43.0
2021-07,2021-07-07,activation,50.0
2021-07,2021-07-08,activation,50.0
2021-07,2021-07-09,activation,47.0
2021-07,2021-07-10,activation,52.0
2021-07,2021-07-11,activation,49.0
2021-07,2021-07-12,activation,39.0
2021-07,2021-07-13,activation,38.0
2021-07,2021-07-14,activation,45.0
2021-07,2021-07-15,activation,41.0
2021-07,2021-07-16,activation,45.0
2021-07,2021-07-17,activation,34.0
2021-07,2021-07-18,activation,28.0
2021-07,2021-07-19,activation,41.0
2021-07,2021-07-20,activation,45.0
2021-07,2021-07-21,activation,37.0
2021-07,2021-07-22,activation,41.0
2021-07,2021-07-23,activation,45.0
2021-07,2021-07-24,activation,35.0
2021-07,2021-07-25,activation,38.0
2021-07,2021-07-26,activation,39.0
2021-07,2021-07-27,activation,36.0
2021-07,2021-07-28,activation,46.0
2021-07,2021-07-29,activation,31.0
2021-07,2021-07-30,activation,44.0
2021-07,2021-07-31,activation,37.0
2021-08,2021-08-01,activation,46.0
2021-08,2021-08-02,activation,35.0
2021-08,2021-08-03,activation,43.0
2021-08,2021-08-04,activation,36.0
2021-08,2021-08-05,activation,33.0
2021-08,2021-08-06,activation,37.0
2021-08,2021-08-07,activation,41.0
2021-08,2021-08-08,activation,29.0
2021-08,2021-08-09,activation,36.0
2021-08,2021-08-10,activation,42.0
2021-08,2021-08-11,activation,35.0
2021-08,2021-08-12,activation,37.0
2021-08,2021-08-13,activation,26.0
2021-08,2021-08-14,activation,42.0
2021-08,2021-08-15,activation,31.0
2021-08,2021-08-16,activation,35.0
2021-08,2021-08-17,activation,32.0
2021-08,2021-08-18,activation,29.0
2021-08,2021-08-19,activation,36.0
2021-08,2021-08-20,activation,37.0
2021-08,2021-08-21,activation,34.0
2021-08,2021-08-22,activation,34.0
2021-08,2021-08-23,activation,39.0
2021-08,2021-08-24,activation,41.0
2021-08,2021-08-25,activation,32.0
2021-08,2021-08-26,activation,31.0
2021-08,2021-08-27,activation,34.0
2021-08,2021-08-28,activation,38.0
2021-08,2021-08-29,activation,35.0
2021-08,2021-08-30,activation,39.0
2021-08,2021-08-31,activation,29.0
2021-09,2021-09-01,activation,31.0
2021-09,2021-09-02,activation,28.0
2021-09,2021-09-03,activation,31.0
2021-09,2021-09-04,activation,19.0
2021-09,2021-09-05,activation,36.0
2021-09,2021-09-06,activation,32.0
2021-09,2021-09-07,activation,24.0
2021-09,2021-09-08,activation,21.0
2021-09,2021-09-09,activation,38.0
2021-09,2021-09-10,activation,27.0
2021-09,2021-09-11,activation,39.0
2021-09,2021-09-12,activation,28.0
2021-09,2021-09-13,activation,22.0
2021-09,2021-09-14,activation,26.0
2021-09,2021-09-15,activation,29.0
2021-09,2021-09-16,activation,19.0
2021-09,2021-09-17,activation,27.0
2021-09,2021-09-18,activation,23.0
2021-09,2021-09-19,activation,18.0
2021-09,2021-09-20,activation,23.0
2021-09,2021-09-21,activation,20.0
2021-09,2021-09-22,activation,24.0
2021-09,2021-09-23,activation,22.0
2021-09,2021-09-24,activation,19.0
2021-09,2021-09-25,activation,27.0
2021-09,2021-09-26,activation,20.0
2021-09,2021-09-27,activation,19.0
2021-09,2021-09-28,activation,29.0
2021-09,2021-09-29,activation,18.0
2021-09,2021-09-30,activation,27.0
2021-10,2021-10-01,activation,16.0
2021-10,2021-10-02,activation,27.0
2021-10,2021-10-03,activation,19.0
2021-10,2021-10-04,activation,14.0
2021-10,2021-10-05,activation,15.0
2021-10,2021-10-06,activation,17.0
2021-10,2021-10-07,activation,18.0
2021-10,2021-10-08,activation,23.0
2021-10,2021-10-09,activation,18.0
2021-10,2021-10-10,activation,21.0
2021-10,2021-10-11,activation,23.0
2021-10,2021-10-12,activation,20.0
2021-10,2021-10-13,activation,14.0
2021-10,2021-10-14,activation,20.0
2021-10,2021-10-15,activation,20.0
2021-10,2021-10-16,activation,26.0
2021-10,2021-10-17,activation,15.0
2021-10,2021-10-18,activation,17.0
2021-10,2021-10-19,activation,19.0
2021-10,2021-10-20,activation,13.0
2021-10,2021-10-21,activation,16.0
2021-10,2021-10-22,activation,18.0
2021-10,2021-10-23,activation,19.0
2021-10,2021-10-24,activation,12.0
2021-10,2021-10-25,activation,15.0
2021-10,2021-10-26,activation,19.0
2021-10,2021-10-27,activation,24.0
2021-10,2021-10-28,activation,15.0
2021-10,2021-10-29,activation,11.0
2021-10,2021-10-30,activation,9.0
2021-10,2021-10-31,activation,12.0
2021-11,2021-11-01,activation,20.0
2021-11,2021-11-02,activation,13.0
2021-11,2021-11-03,activation,14.0
2021-11,2021-11-04,activation,15.0
2021-11,2021-11-05,activation,12.0
2021-11,2021-11-06,activation,15.0
2021-11,2021-11-07,activation,14.0
2021-11,2021-11-08,activation,16.0
2021-11,2021-11-09,activation,15.0
2021-11,2021-11-10,activation,12.0
2021-11,2021-11-11,activation,19.0
2021-11,2021-11-12,activation,13.0
2021-11,2021-11-13,activation,9.0
2021-11,2021-11-14,activation,7.0
2021-11,2021-11-15,activation,15.0
2021-11,2021-11-16,activation,14.0
2021-11,2021-11-17,activation,17.0
2021-11,2021-11-18,activation,12.0
2021-11,2021-11-19,activation,6.0
2021-11,2021-11-20,activation,18.0
2021-11,2021-11-21,activation,6.0
2021-11,2021-11-22,activation,9.0
2021-11,2021-11-23,activation,11.0
2021-11,2021-11-24,activation,13.0
2021-11,2021-11-25,activation,12.0
2021-11,2021-11-26,activation,11.0
2021-11,2021-11-27,activation,9.0
2021-11,2021-11-28,activation,10.0
2021-11,2021-11-29,activation,12.0
2021-11,2021-11-30,activation,9.0
2020-01,2020-01-01,conversion,0.1795366795366795
2020-01,2020-01-02,conversion,0.1719626168224299
2020-01,2020-01-03,conversion,0.1488549618320611
2020-01,2020-01-04,conversion,0.1985294117647059
2020-01,2020-01-05,conversion,0.1724137931034483
2020-01,2020-01-06,conversion,0.1942148760330578
2020-01,2020-01-07,conversion,0.1849462365591398
2020-01,2020-01-08,conversion,0.1628352490421456
2020-01,2020-01-09,conversion,0.1776061776061776
2020-01,2020-01-10,conversion,0.1884920634920635
2020-01,2020-01-11,conversion,0.1601423487544484
2020-01,2020-01-12,conversion,0.1882352941176471
2020-01,2020-01-13,conversion,0.1761252446183953
2020-01,2020-01-14,conversion,0.1954459203036053
2020-01,2020-01-15,conversion,0.1794871794871795
2020-01,2020-01-16,conversion,0.179261862917399
2020-01,2020-01-17,conversion,0.1724137931034483
2020-01,2020-01-18,conversion,0.1821705426356589
2020-01,2020-01-19,conversion,0.200750469043152
2020-01,2020-01-20,conversion,0.1271676300578035
2020-01,2020-01-21,conversion,0.1804788213627993
2020-01,2020-01-22,conversion,0.1721014492753623
2020-01,2020-01-23,conversion,0.1814814814814815
2020-01,2020-01-24,conversion,0.1741803278688525
2020-01,2020-01-25,conversion,0.1955719557195572
2020-01,2020-01-26,conversion,0.1639042357274401
2020-01,2020-01-27,conversion,0.2015655577299413
2020-01,2020-01-28,conversion,0.2112403100775194
2020-01,2020-01-29,conversion,0.1687840290381125
2020-01,2020-01-30,conversion,0.1898496240601504
2020-01,2020-01-31,conversion,0.1774809160305343
2020-02,2020-02-01,conversion,0.1743295019157088
2020-02,2020-02-02,conversion,0.150093808630394
2020-02,2020-02-03,conversion,0.158351409978308
2020-02,2020-02-04,conversion,0.1954459203036053
2020-02,2020-02-05,conversion,0.1716566866267465
2020-02,2020-02-06,conversion,0.1848249027237354
2020-02,2020-02-07,conversion,0.1653386454183267
2020-02,2020-02-08,conversion,0.155982905982906
2020-02,2020-02-09,conversion,0.1724806201550388
2020-02,2020-02-10,conversion,0.1553030303030303
2020-02,2020-02-11,conversion,0.1681034482758621
2020-02,2020-02-12,conversion,0.1721991701244813
2020-02,2020-02-13,conversion,0.1775147928994083
2020-02,2020-02-14,conversion,0.1433823529411765
2020-02,2020-02-15,conversion,0.1882591093117409
2020-02,2020-02-16,conversion,0.1977611940298507
2020-02,2020-02-17,conversion,0.1591836734693877
2020-02,2020-02-18,conversion,0.1550094517958412
2020-02,2020-02-19,conversion,0.1622641509433962
2020-02,2020-02-20,conversion,0.1577060931899641
2020-02,2020-02-21,conversion,0.1958955223880597
2020-02,2020-02-22,conversion,0.1660649819494585
2020-02,2020-02-23,conversion,0.1731958762886598
2020-02,2020-02-24,conversion,0.1786407766990291
2020-02,2020-02-25,conversion,0.1842650103519669
2020-02,2020-02-26,conversion,0.1834677419354839
2020-02,2020-02-27,conversion,0.1818181818181818
2020-02,2020-02-28,conversion,0.1541425818882466
2020-02,2020-02-29,conversion,0.1596638655462185
2020-03,2020-03-01,conversion,0.1727642276422764
2020-03,2020-03-02,conversion,0.1903807615230461
2020-03,2020-03-03,conversion,0.1643564356435644
2020-03,2020-03-04,conversion,0.1669941060903733
2020-03,2020-03-05,conversion,0.1653696498054475
2020-03,2020-03-06,conversion,0.1869918699186992
2020-03,2020-03-07,conversion,0.1488970588235294
2020-03,2020-03-08,conversion,0.1639676113360324
2020-03,2020-03-09,conversion,0.1889763779527559
2020-03,2020-03-10,conversion,0.1627450980392157
2020-03,2020-03-11,conversion,0.1578947368421053
2020-03,2020-03-12,conversion,0.1910714285714286
2020-03,2020-03-13,conversion,0.1614583333333333
2020-03,2020-03-14,conversion,0.1802325581395349
2020-03,2020-03-15,conversion,0.1702127659574468
2020-03,2020-03-16,conversion,0.1570093457943925
2020-03,2020-03-17,conversion,0.1952983725135624
2020-03,2020-03-18,conversion,0.1620111731843575
2020-03,2020-03-19,conversion,0.2099009900990099
2020-03,2020-03-20,conversion,0.1910112359550562
2020-03,2020-03-21,conversion,0.1522157996146435
2020-03,2020-03-22,conversion,0.1892393320964749
2020-03,2020-03-23,conversion,0.1987829614604462
2020-03,2020-03-24,conversion,0.1840148698884758
2020-03,2020-03-25,conversion,0.1456140350877193
2020-03,2020-03-26,conversion,0.1889763779527559
2020-03,2020-03-27,conversion,0.1954887218045113
2020-03,2020-03-28,conversion,0.1685393258426966
2020-03,2020-03-29,conversion,0.1577909270216963
2020-03,2020-03-30,conversion,0.19
2020-03,2020-03-31,conversion,0.1607515657620042
2020-04,2020-04-01,conversion,0.1669793621013133
2020-04,2020-04-02,conversion,0.1602209944751381
2020-04,2020-04-03,conversion,0.1709741550695825
2020-04,2020-04-04,conversion,0.1637426900584795
2020-04,2020-04-05,conversion,0.1984877126654064
2020-04,2020-04-06,conversion,0.1995884773662552
2020-04,2020-04-07,conversion,0.16015625
2020-04,2020-04-08,conversion,0.1733576642335767
2020-04,2020-04-09,conversion,0.1643835616438356
2020-04,2020-04-10,conversion,0.1653543307086614
2020-04,2020-04-11,conversion,0.1673151750972763
2020-04,2020-04-12,conversion,0.1679245283018868
2020-04,2020-04-13,conversion,0.1846758349705304
2020-04,2020-04-14,conversion,0.183206106870229
2020-04,2020-04-15,conversion,0.1735700197238659
2020-04,2020-04-16,conversion,0.2030075187969925
2020-04,2020-04-17,conversion,0.1886792452830189
2020-04,2020-04-18,conversion,0.181651376146789
2020-04,2020-04-19,conversion,0.1892925430210325
2020-04,2020-04-20,conversion,0.1903881700554529
2020-04,2020-04-21,conversion,0.1663551401869159
2020-04,2020-04-22,conversion,0.2040816326530612
2020-04,2020-04-23,conversion,0.1788461538461538
2020-04,2020-04-24,conversion,0.177536231884058
2020-04,2020-04-25,conversion,0.1807465618860511
2020-04,2020-04-26,conversion,0.1797153024911032
2020-04,2020-04-27,conversion,0.1721014492753623
2020-04,2020-04-28,conversion,0.1651376146788991
2020-04,2020-04-29,conversion,0.1445086705202312
2020-04,2020-04-30,conversion,0.1732580037664783
2020-05,2020-05-01,conversion,0.1952191235059761
2020-05,2020-05-02,conversion,0.1969111969111969
2020-05,2020-05-03,conversion,0.1640316205533597
2020-05,2020-05-04,conversion,0.1870229007633588
2020-05,2020-05-05,conversion,0.1932270916334661
2020-05,2020-05-06,conversion,0.1538461538461539
2020-05,2020-05-07,conversion,0.1484536082474227
2020-05,2020-05-08,conversion,0.1722222222222222
2020-05,2020-05-09,conversion,0.174812030075188
2020-05,2020-05-10,conversion,0.1759259259259259
2020-05,2020-05-11,conversion,0.1861386138613861
2020-05,2020-05-12,conversion,0.1981481481481482
2020-05,2020-05-13,conversion,0.1672727272727273
2020-05,2020-05-14,conversion,0.1531007751937984
2020-05,2020-05-15,conversion,0.1647509578544061
2020-05,2020-05-16,conversion,0.1532416502946955
2020-05,2020-05-17,conversion,0.1823204419889503
2020-05,2020-05-18,conversion,0.174812030075188
2020-05,2020-05-19,conversion,0.1758436944937833
2020-05,2020-05-20,conversion,0.1746323529411765
2020-05,2020-05-21,conversion,0.173828125
2020-05,2020-05-22,conversion,0.1912045889101338
2020-05,2020-05-23,conversion,0.1442687747035573
2020-05,2020-05-24,conversion,0.1633064516129032
2020-05,2020-05-25,conversion,0.1766990291262136
2020-05,2020-05-26,conversion,0.2102161100196464
2020-05,2020-05-27,conversion,0.1549019607843137
2020-05,2020-05-28,conversion,0.2087114337568058
2020-05,2020-05-29,conversion,0.1387163561076604
2020-05,2020-05-30,conversion,0.1743970315398887
2020-05,2020-05-31,conversion,0.1860902255639098
2020-06,2020-06-01,conversion,0.1486486486486487
2020-06,2020-06-02,conversion,0.1838235294117647
2020-06,2020-06-03,conversion,0.185546875
2020-06,2020-06-04,conversion,0.1816283924843424
2020-06,2020-06-05,conversion,0.1701244813278008
2020-06,2020-06-06,conversion,0.1749502982107356
2020-06,2020-06-07,conversion,0.1825396825396825
2020-06,2020-06-08,conversion,0.1624548736462094
2020-06,2020-06-09,conversion,0.1688555347091932
2020-06,2020-06-10,conversion,0.1902985074626866
2020-06,2020-06-11,conversion,0.1595744680851064
2020-06,2020-06-12,conversion,0.1656804733727811
2020-06,2020-06-13,conversion,0.1625708884688091
2020-06,2020-06-14,conversion,0.174573055028463
2020-06,2020-06-15,conversion,0.1600719424460432
2020-06,2020-06-16,conversion,0.1820040899795501
2020-06,2020-06-17,conversion,0.1942148760330578
2020-06,2020-06-18,conversion,0.1503759398496241
2020-06,2020-06-19,conversion,0.1800766283524904
2020-06,2020-06-20,conversion,0.188715953307393
2020-06,2020-06-21,conversion,0.200374531835206
2020-06,2020-06-22,conversion,0.183206106870229
2020-06,2020-06-23,conversion,0.1917808219178082
2020-06,2020-06-24,conversion,0.1531365313653137
2020-06,2020-06-25,conversion,0.2023121387283237
2020-06,2020-06-26,conversion,0.1685393258426966
2020-06,2020-06-27,conversion,0.2019047619047619
2020-06,2020-06-28,conversion,0.2042105263157895
2020-06,2020-06-29,conversion,0.185546875
2020-06,2020-06-30,conversion,0.1590457256461233
2020-07,2020-07-01,conversion,0.1838649155722326
2020-07,2020-07-02,conversion,0.1579961464354528
2020-07,2020-07-03,conversion,0.1748971193415638
2020-07,2020-07-04,conversion,0.1823308270676692
2020-07,2020-07-05,conversion,0.1764705882352941
2020-07,2020-07-06,conversion,0.1848906560636183
2020-07,2020-07-07,conversion,0.182
2020-07,2020-07-08,conversion,0.1812865497076023
2020-07,2020-07-09,conversion,0.1428571428571428
2020-07,2020-07-10,conversion,0.1818181818181818
2020-07,2020-07-11,conversion,0.1773879142300195
2020-07,2020-07-12,conversion,0.1907630522088354
2020-07,2020-07-13,conversion,0.1637426900584795
2020-07,2020-07-14,conversion,0.1579961464354528
2020-07,2020-07-15,conversion,0.1479500891265597
2020-07,2020-07-16,conversion,0.1529175050301811
2020-07,2020-07-17,conversion,0.1773879142300195
2020-07,2020-07-18,conversion,0.1412844036697248
2020-07,2020-07-19,conversion,0.1975806451612903
2020-07,2020-07-20,conversion,0.1871455576559546
2020-07,2020-07-21,conversion,0.1804511278195489
2020-07,2020-07-22,conversion,0.1546961325966851
2020-07,2020-07-23,conversion,0.1763565891472868
2020-07,2020-07-24,conversion,0.1744186046511628
2020-07,2020-07-25,conversion,0.1663479923518164
2020-07,2020-07-26,conversion,0.1666666666666667
2020-07,2020-07-27,conversion,0.1736842105263158
2020-07,2020-07-28,conversion,0.167608286252354
2020-07,2020-07-29,conversion,0.1585127201565558
2020-07,2020-07-30,conversion,0.1764705882352941
2020-07,2020-07-31,conversion,0.1606805293005671
2020-08,2020-08-01,conversion,0.2
2020-08,2020-08-02,conversion,0.1926782273603083
2020-08,2020-08-03,conversion,0.2123015873015873
2020-08,2020-08-04,conversion,0.1988950276243094
2020-08,2020-08-05,conversion,0.1407942238267148
2020-08,2020-08-06,conversion,0.1833648393194707
2020-08,2020-08-07,conversion,0.1794871794871795
2020-08,2020-08-08,conversion,0.1849710982658959
2020-08,2020-08-09,conversion,0.1751412429378531
2020-08,2020-08-10,conversion,0.1930894308943089
2020-08,2020-08-11,conversion,0.1592233009708738
2020-08,2020-08-12,conversion,0.2039603960396039
2020-08,2020-08-13,conversion,0.1934865900383142
2020-08,2020-08-14,conversion,0.1401515151515151
2020-08,2020-08-15,conversion,0.2060931899641577
2020-08,2020-08-16,conversion,0.1778202676864245
2020-08,2020-08-17,conversion,0.2033195020746888
2020-08,2020-08-18,conversion,0.1765834932821497
2020-08,2020-08-19,conversion,0.166351606805293
2020-08,2020-08-20,conversion,0.1675579322638146
2020-08,2020-08-21,conversion,0.2057142857142857
2020-08,2020-08-22,conversion,0.172147001934236
2020-08,2020-08-23,conversion,0.1964636542239686
2020-08,2020-08-24,conversion,0.1787819253438114
2020-08,2020-08-25,conversion,0.1606805293005671
2020-08,2020-08-26,conversion,0.1946564885496183
2020-08,2020-08-27,conversion,0.1873873873873874
2020-08,2020-08-28,conversion,0.1704781704781705
2020-08,2020-08-29,conversion,0.1594746716697936
2020-08,2020-08-30,conversion,0.1804222648752399
2020-08,2020-08-31,conversion,0.1740890688259109
2020-09,2020-09-01,conversion,0.1992337164750958
2020-09,2020-09-02,conversion,0.188
2020-09,2020-09-03,conversion,0.2106299212598425
2020-09,2020-09-04,conversion,0.180327868852459
2020-09,2020-09-05,conversion,0.1561866125760649
2020-09,2020-09-06,conversion,0.1825396825396825
2020-09,2020-09-07,conversion,0.1594488188976378
2020-09,2020-09-08,conversion,0.1428571428571428
2020-09,2020-09-09,conversion,0.1680497925311203
2020-09,2020-09-10,conversion,0.1854684512428298
2020-09,2020-09-11,conversion,0.2016460905349794
2020-09,2020-09-12,conversion,0.1770428015564202
2020-09,2020-09-13,conversion,0.1995884773662552
2020-09,2020-09-14,conversion,0.1875
2020-09,2020-09-15,conversion,0.2
2020-09,2020-09-16,conversion,0.1863354037267081
2020-09,2020-09-17,conversion,0.1578947368421053
2020-09,2020-09-18,conversion,0.1891891891891892
2020-09,2020-09-19,conversion,0.1742574257425742
2020-09,2020-09-20,conversion,0.166044776119403
2020-09,2020-09-21,conversion,0.1692307692307692
2020-09,2020-09-22,conversion,0.208502024291498
2020-09,2020-09-23,conversion,0.1855670103092784
2020-09,2020-09-24,conversion,0.1549815498154982
2020-09,2020-09-25,conversion,0.1790744466800805
2020-09,2020-09-26,conversion,0.1871657754010695
2020-09,2020-09-27,conversion,0.1816367265469062
2020-09,2020-09-28,conversion,0.1535580524344569
2020-09,2020-09-29,conversion,0.1566484517304189
2020-09,2020-09-30,conversion,0.1546762589928058
2020-10,2020-10-01,conversion,0.1741803278688525
2020-10,2020-10-02,conversion,0.1644100580270793
2020-10,2020-10-03,conversion,0.1879699248120301
2020-10,2020-10-04,conversion,0.1981308411214953
2020-10,2020-10-05,conversion,0.1818181818181818
2020-10,2020-10-06,conversion,0.1781376518218623
2020-10,2020-10-07,conversion,0.1741682974559687
2020-10,2020-10-08,conversion,0.1590038314176245
2020-10,2020-10-09,conversion,0.1932457786116323
2020-10,2020-10-10,conversion,0.1657142857142857
2020-10,2020-10-11,conversion,0.1932457786116323
2020-10,2020-10-12,conversion,0.1689320388349514
2020-10,2020-10-13,conversion,0.1557692307692308
2020-10,2020-10-14,conversion,0.154320987654321
2020-10,2020-10-15,conversion,0.1704980842911877
2020-10,2020-10-16,conversion,0.1713062098501071
2020-10,2020-10-17,conversion,0.1686507936507937
2020-10,2020-10-18,conversion,0.145956607495069
2020-10,2020-10-19,conversion,0.1957773512476008
2020-10,2020-10-20,conversion,0.1715867158671587
2020-10,2020-10-21,conversion,0.1692913385826772
2020-10,2020-10-22,conversion,0.1575875486381323
2020-10,2020-10-23,conversion,0.1448692152917505
2020-10,2020-10-24,conversion,0.1715976331360947
2020-10,2020-10-25,conversion,0.168724279835391
2020-10,2020-10-26,conversion,0.1816367265469062
2020-10,2020-10-27,conversion,0.1961538461538462
2020-10,2020-10-28,conversion,0.2052730696798493
2020-10,2020-10-29,conversion,0.1666666666666667
2020-10,2020-10-30,conversion,0.1942307692307692
2020-10,2020-10-31,conversion,0.1590909090909091
2020-11,2020-11-01,conversion,0.1451292246520875
2020-11,2020-11-02,conversion,0.1707779886148008
2020-11,2020-11-03,conversion,0.1844660194174757
2020-11,2020-11-04,conversion,0.1603206412825651
2020-11,2020-11-05,conversion,0.188911704312115
2020-11,2020-11-06,conversion,0.1657250470809793
2020-11,2020-11-07,conversion,0.1617357001972387
2020-11,2020-11-08,conversion,0.1762376237623762
2020-11,2020-11-09,conversion,0.1641509433962264
2020-11,2020-11-10,conversion,0.1765834932821497
2020-11,2020-11-11,conversion,0.17578125
2020-11,2020-11-12,conversion,0.20703125
2020-11,2020-11-13,conversion,0.1905737704918033
2020-11,2020-11-14,conversion,0.1579861111111111
2020-11,2020-11-15,conversion,0.2228915662650602
2020-11,2020-11-16,conversion,0.1547619047619048
2020-11,2020-11-17,conversion,0.1727642276422764
2020-11,2020-11-18,conversion,0.181992337164751
2020-11,2020-11-19,conversion,0.1669865642994242
2020-11,2020-11-20,conversion,0.188715953307393
2020-11,2020-11-21,conversion,0.1561866125760649
2020-11,2020-11-22,conversion,0.1851106639839034
2020-11,2020-11-23,conversion,0.175152749490835
2020-11,2020-11-24,conversion,0.1894353369763206
2020-11,2020-11-25,conversion,0.2022900763358779
2020-11,2020-11-26,conversion,0.1691729323308271
2020-11,2020-11-27,conversion,0.1769087523277467
2020-11,2020-11-28,conversion,0.1922330097087379
2020-11,2020-11-29,conversion,0.1412429378531073
2020-11,2020-11-30,conversion,0.1634241245136187
2020-12,2020-12-01,conversion,0.1869158878504673
2020-12,2020-12-02,conversion,0.1625239005736138
2020-12,2020-12-03,conversion,0.1903846153846154
2020-12,2020-12-04,conversion,0.1984585741811175
2020-12,2020-12-05,conversion,0.1727272727272727
2020-12,2020-12-06,conversion,0.1715399610136452
2020-12,2020-12-07,conversion,0.1863354037267081
2020-12,2020-12-08,conversion,0.1736745886654479
2020-12,2020-12-09,conversion,0.2011385199240987
2020-12,2020-12-10,conversion,0.1777777777777778
2020-12,2020-12-11,conversion,0.1714285714285714
2020-12,2020-12-12,conversion,0.1756756756756757
2020-12,2020-12-13,conversion,0.1599229287090559
2020-12,2020-12-14,conversion,0.1857707509881423
2020-12,2020-12-15,conversion,0.1780821917808219
2020-12,2020-12-16,conversion,0.1875
2020-12,2020-12-17,conversion,0.1344195519348269
2020-12,2020-12-18,conversion,0.1734104046242775
2020-12,2020-12-19,conversion,0.1627450980392157
2020-12,2020-12-20,conversion,0.1555555555555556
2020-12,2020-12-21,conversion,0.1976967370441459
2020-12,2020-12-22,conversion,0.1962457337883959
2020-12,2020-12-23,conversion,0.1760299625468165
2020-12,2020-12-24,conversion,0.1720647773279352
2020-12,2020-12-25,conversion,0.1724770642201835
2020-12,2020-12-26,conversion,0.18052738336714
2020-12,2020-12-27,conversion,0.1719038817005545
2020-12,2020-12-28,conversion,0.1726907630522088
2020-12,2020-12-29,conversion,0.1930184804928131
2020-12,2020-12-30,conversion,0.2045889101338432
2020-12,2020-12-31,conversion,0.1902912621359223
2021-01,2021-01-01,conversion,0.1666666666666667
2021-01,2021-01-02,conversion,0.1988636363636364
2021-01,2021-01-03,conversion,0.2045889101338432
2021-01,2021-01-04,conversion,0.1581920903954802
2021-01,2021-01-05,conversion,0.1934865900383142
2021-01,2021-01-06,conversion,0.1614173228346457
2021-01,2021-01-07,conversion,0.1608775137111517
2021-01,2021-01-08,conversion,0.1927710843373494
2021-01,2021-01-09,conversion,0.1751412429378531
2021-01,2021-01-10,conversion,0.1993006993006993
2021-01,2021-01-11,conversion,0.1811460258780037
2021-01,2021-01-12,conversion,0.1785714285714286
2021-01,2021-01-13,conversion,0.1390374331550802
2021-01,2021-01-14,conversion,0.1686274509803922
2021-01,2021-01-15,conversion,0.193609022556391
2021-01,2021-01-16,conversion,0.1988188976377953
2021-01,2021-01-17,conversion,0.1669865642994242
2021-01,2021-01-18,conversion,0.1714836223506744
2021-01,2021-01-19,conversion,0.1710261569416499
2021-01,2021-01-20,conversion,0.168
2021-01,2021-01-21,conversion,0.2144212523719165
2021-01,2021-01-22,conversion,0.1648148148148148
2021-01,2021-01-23,conversion,0.1192842942345924
2021-01,2021-01-24,conversion,0.1686046511627907
2021-01,2021-01-25,conversion,0.1448412698412699
2021-01,2021-01-26,conversion,0.1713709677419355
2021-01,2021-01-27,conversion,0.1739961759082218
2021-01,2021-01-28,conversion,0.1657355679702048
2021-01,2021-01-29,conversion,0.1642066420664207
2021-01,2021-01-30,conversion,0.1839530332681018
2021-01,2021-01-31,conversion,0.1795407098121086
2021-02,2021-02-01,conversion,0.180672268907563
2021-02,2021-02-02,conversion,0.1942857142857143
2021-02,2021-02-03,conversion,0.1417165668662675
2021-02,2021-02-04,conversion,0.1419753086419753
2021-02,2021-02-05,conversion,0.1420345489443378
2021-02,2021-02-06,conversion,0.167608286252354
2021-02,2021-02-07,conversion,0.1515748031496063
2021-02,2021-02-08,conversion,0.1553784860557769
2021-02,2021-02-09,conversion,0.1772639691714836
2021-02,2021-02-10,conversion,0.1906614785992218
2021-02,2021-02-11,conversion,0.1526717557251908
2021-02,2021-02-12,conversion,0.1414538310412574
2021-02,2021-02-13,conversion,0.1749502982107356
2021-02,2021-02-14,conversion,0.1488469601677149
2021-02,2021-02-15,conversion,0.1697341513292434
2021-02,2021-02-16,conversion,0.1639344262295082
2021-02,2021-02-17,conversion,0.1393596986817326
2021-02,2021-02-18,conversion,0.1329479768786127
2021-02,2021-02-19,conversion,0.187624750499002
2021-02,2021-02-20,conversion,0.1650099403578529
2021-02,2021-02-21,conversion,0.1325301204819277
2021-02,2021-02-22,conversion,0.1610337972166998
2021-02,2021-02-23,conversion,0.1576923076923077
2021-02,2021-02-24,conversion,0.1594746716697936
2021-02,2021-02-25,conversion,0.1617933723196881
2021-02,2021-02-26,conversion,0.1401869158878505
2021-02,2021-02-27,conversion,0.1224489795918367
2021-02,2021-02-28,conversion,0.138996138996139
2021-03,2021-03-01,conversion,0.1393129770992367
2021-03,2021-03-02,conversion,0.1371769383697813
2021-03,2021-03-03,conversion,0.1633466135458167
2021-03,2021-03-04,conversion,0.1440329218106996
2021-03,2021-03-05,conversion,0.134
2021-03,2021-03-06,conversion,0.124282982791587
2021-03,2021-03-07,conversion,0.1618257261410788
2021-03,2021-03-08,conversion,0.1252485089463221
2021-03,2021-03-09,conversion,0.1971252566735113
2021-03,2021-03-10,conversion,0.1420454545454546
2021-03,2021-03-11,conversion,0.1351351351351351
2021-03,2021-03-12,conversion,0.1285714285714286
2021-03,2021-03-13,conversion,0.1592920353982301
2021-03,2021-03-14,conversion,0.1330561330561331
2021-03,2021-03-15,conversion,0.1052631578947368
2021-03,2021-03-16,conversion,0.1409774436090226
2021-03,2021-03-17,conversion,0.1521298174442191
2021-03,2021-03-18,conversion,0.1420560747663552
2021-03,2021-03-19,conversion,0.1451292246520875
2021-03,2021-03-20,conversion,0.1625
2021-03,2021-03-21,conversion,0.1402439024390244
2021-03,2021-03-22,conversion,0.1374501992031872
2021-03,2021-03-23,conversion,0.1228813559322034
2021-03,2021-03-24,conversion,0.1263157894736842
2021-03,2021-03-25,conversion,0.1509803921568627
2021-03,2021-03-26,conversion,0.1232323232323232
2021-03,2021-03-27,conversion,0.1203155818540434
2021-03,2021-03-28,conversion,0.1564885496183206
2021-03,2021-03-29,conversion,0.1068548387096774
2021-03,2021-03-30,conversion,0.1247563352826511
2021-03,2021-03-31,conversion,0.149402390438247
2021-04,2021-04-01,conversion,0.1389432485322896
2021-04,2021-04-02,conversion,0.1468926553672316
2021-04,2021-04-03,conversion,0.1610169491525424
2021-04,2021-04-04,conversion,0.1564482029598309
2021-04,2021-04-05,conversion,0.1269146608315098
2021-04,2021-04-06,conversion,0.133086876155268
2021-04,2021-04-07,conversion,0.1215351812366738
2021-04,2021-04-08,conversion,0.1361867704280156
2021-04,2021-04-09,conversion,0.1405295315682281
2021-04,2021-04-10,conversion,0.154639175257732
2021-04,2021-04-11,conversion,0.11003861003861
2021-04,2021-04-12,conversion,0.1333333333333333
2021-04,2021-04-13,conversion,0.1108910891089109
2021-04,2021-04-14,conversion,0.1231732776617954
2021-04,2021-04-15,conversion,0.1137724550898204
2021-04,2021-04-16,conversion,0.1386138613861386
2021-04,2021-04-17,conversion,0.1437768240343348
2021-04,2021-04-18,conversion,0.1152263374485597
2021-04,2021-04-19,conversion,0.145956607495069
2021-04,2021-04-20,conversion,0.1330275229357798
2021-04,2021-04-21,conversion,0.1049618320610687
2021-04,2021-04-22,conversion,0.1044487427466151
2021-04,2021-04-23,conversion,0.1279317697228145
2021-04,2021-04-24,conversion,0.1317991631799163
2021-04,2021-04-25,conversion,0.1260162601626016
2021-04,2021-04-26,conversion,0.1168582375478927
2021-04,2021-04-27,conversion,0.1273885350318471
2021-04,2021-04-28,conversion,0.09544468546637744
2021-04,2021-04-29,conversion,0.1422594142259414
2021-04,2021-04-30,conversion,0.125
2021-05,2021-05-01,conversion,0.1182364729458918
2021-05,2021-05-02,conversion,0.1387163561076604
2021-05,2021-05-03,conversion,0.1371308016877637
2021-05,2021-05-04,conversion,0.1407867494824017
2021-05,2021-05-05,conversion,0.1083844580777096
2021-05,2021-05-06,conversion,0.1101511879049676
2021-05,2021-05-07,conversion,0.1046770601336303
2021-05,2021-05-08,conversion,0.08754863813229571
2021-05,2021-05-09,conversion,0.1166666666666667
2021-05,2021-05-10,conversion,0.1147186147186147
2021-05,2021-05-11,conversion,0.1267056530214425
2021-05,2021-05-12,conversion,0.1314655172413793
2021-05,2021-05-13,conversion,0.1350210970464135
2021-05,2021-05-14,conversion,0.1223709369024857
2021-05,2021-05-15,conversion,0.1235059760956175
2021-05,2021-05-16,conversion,0.1016597510373444
2021-05,2021-05-17,conversion,0.1244897959183673
2021-05,2021-05-18,conversion,0.125748502994012
2021-05,2021-05-19,conversion,0.1372141372141372
2021-05,2021-05-20,conversion,0.09583333333333334
2021-05,2021-05-21,conversion,0.1036717062634989
2021-05,2021-05-22,conversion,0.1245059288537549
2021-05,2021-05-23,conversion,0.1144708423326134
2021-05,2021-05-24,conversion,0.1058315334773218
2021-05,2021-05-25,conversion,0.1183431952662722
2021-05,2021-05-26,conversion,0.1175298804780877
2021-05,2021-05-27,conversion,0.1022044088176353
2021-05,2021-05-28,conversion,0.1346534653465347
2021-05,2021-05-29,conversion,0.1073446327683616
2021-05,2021-05-30,conversion,0.12890625
2021-05,2021-05-31,conversion,0.1226765799256506
2021-06,2021-06-01,conversion,0.1325051759834369
2021-06,2021-06-02,conversion,0.1126482213438735
2021-06,2021-06-03,conversion,0.1239495798319328
2021-06,2021-06-04,conversion,0.0997920997920998
2021-06,2021-06-05,conversion,0.1338742393509128
2021-06,2021-06-06,conversion,0.12
2021-06,2021-06-07,conversion,0.08817204301075268
2021-06,2021-06-08,conversion,0.1043478260869565
2021-06,2021-06-09,conversion,0.1086065573770492
2021-06,2021-06-10,conversion,0.09606986899563319
2021-06,2021-06-11,conversion,0.1069182389937107
2021-06,2021-06-12,conversion,0.09240246406570841
2021-06,2021-06-13,conversion,0.1161417322834646
2021-06,2021-06-14,conversion,0.0967032967032967
2021-06,2021-06-15,conversion,0.0912863070539419
2021-06,2021-06-16,conversion,0.1018329938900204
2021-06,2021-06-17,conversion,0.09054325955734406
2021-06,2021-06-18,conversion,0.1090146750524109
2021-06,2021-06-19,conversion,0.1064718162839248
2021-06,2021-06-20,conversion,0.09832635983263599
2021-06,2021-06-21,conversion,0.1128712871287129
2021-06,2021-06-22,conversion,0.1022964509394572
2021-06,2021-06-23,conversion,0.1059322033898305
2021-06,2021-06-24,conversion,0.1128712871287129
2021-06,2021-06-25,conversion,0.0997920997920998
2021-06,2021-06-26,conversion,0.0954356846473029
2021-06,2021-06-27,conversion,0.09850107066381156
2021-06,2021-06-28,conversion,0.08488612836438923
2021-06,2021-06-29,conversion,0.08471074380165289
2021-06,2021-06-30,conversion,0.1063829787234043
2021-07,2021-07-01,conversion,0.08695652173913043
2021-07,2021-07-02,conversion,0.1086474501108647
2021-07,2021-07-03,conversion,0.07660455486542443
2021-07,2021-07-04,conversion,0.08843537414965986
2021-07,2021-07-05,conversion,0.06950672645739911
2021-07,2021-07-06,conversion,0.08686868686868687
2021-07,2021-07-07,conversion,0.09689922480620156
2021-07,2021-07-08,conversion,0.1089324618736384
2021-07,2021-07-09,conversion,0.09915611814345991
2021-07,2021-07-10,conversion,0.106776180698152
2021-07,2021-07-11,conversion,0.1033755274261603
2021-07,2021-07-12,conversion,0.07847082494969819
2021-07,2021-07-13,conversion,0.08463251670378619
2021-07,2021-07-14,conversion,0.09297520661157024
2021-07,2021-07-15,conversion,0.09276018099547512
2021-07,2021-07-16,conversion,0.0949367088607595
2021-07,2021-07-17,conversion,0.07407407407407407
2021-07,2021-07-18,conversion,0.0673076923076923
2021-07,2021-07-19,conversion,0.09050772626931568
2021-07,2021-07-20,conversion,0.09164969450101833
2021-07,2021-07-21,conversion,0.08314606741573034
2021-07,2021-07-22,conversion,0.09490740740740741
2021-07,2021-07-23,conversion,0.09513742071881606
2021-07,2021-07-24,conversion,0.07276507276507277
2021-07,2021-07-25,conversion,0.0853932584269663
2021-07,2021-07-26,conversion,0.0824524312896406
2021-07,2021-07-27,conversion,0.0801781737193764
2021-07,2021-07-28,conversion,0.09406952965235174
2021-07,2021-07-29,conversion,0.06609808102345416
2021-07,2021-07-30,conversion,0.0912863070539419
2021-07,2021-07-31,conversion,0.09181141439205956
2021-08,2021-08-01,conversion,0.0954356846473029
2021-08,2021-08-02,conversion,0.07543103448275862
2021-08,2021-08-03,conversion,0.09817351598173515
2021-08,2021-08-04,conversion,0.07392197125256673
2021-08,2021-08-05,conversion,0.07568807339449542
2021-08,2021-08-06,conversion,0.07838983050847458
2021-08,2021-08-07,conversion,0.08183632734530938
2021-08,2021-08-08,conversion,0.06855791962174941
2021-08,2021-08-09,conversion,0.0759493670886076
2021-08,2021-08-10,conversion,0.0911062906724512
2021-08,2021-08-11,conversion,0.0688976377952756
2021-08,2021-08-12,conversion,0.08149779735682819
2021-08,2021-08-13,conversion,0.05990783410138249
2021-08,2021-08-14,conversion,0.09333333333333334
2021-08,2021-08-15,conversion,0.06753812636165578
2021-08,2021-08-16,conversion,0.0772626931567329
2021-08,2021-08-17,conversion,0.06779661016949153
2021-08,2021-08-18,conversion,0.06531531531531531
2021-08,2021-08-19,conversion,0.07708779443254818
2021-08,2021-08-20,conversion,0.08222222222222222
2021-08,2021-08-21,conversion,0.07488986784140969
2021-08,2021-08-22,conversion,0.07112970711297072
2021-08,2021-08-23,conversion,0.078
2021-08,2021-08-24,conversion,0.08151093439363817
2021-08,2021-08-25,conversion,0.07111111111111111
2021-08,2021-08-26,conversion,0.06339468302658487
2021-08,2021-08-27,conversion,0.0737527114967462
2021-08,2021-08-28,conversion,0.08656036446469248
2021-08,2021-08-29,conversion,0.07526881720430108
2021-08,2021-08-30,conversion,0.07632093933463796
2021-08,2021-08-31,conversion,0.06170212765957447
2021-09,2021-09-01,conversion,0.06378600823045268
2021-09,2021-09-02,conversion,0.0611353711790393
2021-09,2021-09-03,conversion,0.06540084388185655
2021-09,2021-09-04,conversion,0.04470588235294118
2021-09,2021-09-05,conversion,0.07610993657505286
2021-09,2021-09-06,conversion,0.07494145199063232
2021-09,2021-09-07,conversion,0.049079754601227
2021-09,2021-09-08,conversion,0.04964539007092199
2021-09,2021-09-09,conversion,0.07835051546391752
2021-09,2021-09-10,conversion,0.06150341685649203
2021-09,2021-09-11,conversion,0.08496732026143791
2021-09,2021-09-12,conversion,0.05725971370143149
2021-09,2021-09-13,conversion,0.05045871559633028
2021-09,2021-09-14,conversion,0.05829596412556054
2021-09,2021-09-15,conversion,0.06263498920086392
2021-09,2021-09-16,conversion,0.04185022026431718
2021-09,2021-09-17,conversion,0.06081081081081081
2021-09,2021-09-18,conversion,0.04742268041237113
2021-09,2021-09-19,conversion,0.03964757709251102
2021-09,2021-09-20,conversion,0.04956896551724138
2021-09,2021-09-21,conversion,0.04140786749482402
2021-09,2021-09-22,conversion,0.05633802816901409
2021-09,2021-09-23,conversion,0.04803493449781659
2021-09,2021-09-24,conversion,0.04347826086956522
2021-09,2021-09-25,conversion,0.0598669623059867
2021-09,2021-09-26,conversion,0.04504504504504504
2021-09,2021-09-27,conversion,0.04033970276008492
2021-09,2021-09-28,conversion,0.06331877729257641
2021-09,2021-09-29,conversion,0.03887688984881209
2021-09,2021-09-30,conversion,0.05660377358490566
2021-10,2021-10-01,conversion,0.03418803418803419
2021-10,2021-10-02,conversion,0.05960264900662252
2021-10,2021-10-03,conversion,0.04194260485651214
2021-10,2021-10-04,conversion,0.03131991051454139
2021-10,2021-10-05,conversion,0.03546099290780142
2021-10,2021-10-06,conversion,0.03828828828828829
2021-10,2021-10-07,conversion,0.04663212435233161
2021-10,2021-10-08,conversion,0.04852320675105485
2021-10,2021-10-09,conversion,0.03887688984881209
2021-10,2021-10-10,conversion,0.04895104895104895
2021-10,2021-10-11,conversion,0.04904051172707889
2021-10,2021-10-12,conversion,0.04301075268817205
2021-10,2021-10-13,conversion,0.03211009174311927
2021-10,2021-10-14,conversion,0.04366812227074236
2021-10,2021-10-15,conversion,0.04246284501061571
2021-10,2021-10-16,conversion,0.05922551252847381
2021-10,2021-10-17,conversion,0.03164556962025317
2021-10,2021-10-18,conversion,0.04086538461538462
2021-10,2021-10-19,conversion,0.04909560723514212
2021-10,2021-10-20,conversion,0.02974828375286041
2021-10,2021-10-21,conversion,0.03448275862068965
2021-10,2021-10-22,conversion,0.04035874439461883
2021-10,2021-10-23,conversion,0.04068522483940043
2021-10,2021-10-24,conversion,0.02631578947368421
2021-10,2021-10-25,conversion,0.03424657534246575
2021-10,2021-10-26,conversion,0.04428904428904429
2021-10,2021-10-27,conversion,0.05095541401273886
2021-10,2021-10-28,conversion,0.03205128205128205
2021-10,2021-10-29,conversion,0.02696078431372549
2021-10,2021-10-30,conversion,0.01939655172413793
2021-10,2021-10-31,conversion,0.02510460251046025
2021-11,2021-11-01,conversion,0.04405286343612335
2021-11,2021-11-02,conversion,0.03095238095238095
2021-11,2021-11-03,conversion,0.03211009174311927
2021-11,2021-11-04,conversion,0.03409090909090909
2021-11,2021-11-05,conversion,0.02877697841726619
2021-11,2021-11-06,conversion,0.03554502369668246
2021-11,2021-11-07,conversion,0.03271028037383177
2021-11,2021-11-08,conversion,0.03485838779956427
2021-11,2021-11-09,conversion,0.03440366972477064
2021-11,2021-11-10,conversion,0.02745995423340961
2021-11,2021-11-11,conversion,0.04279279279279279
2021-11,2021-11-12,conversion,0.03225806451612903
2021-11,2021-11-13,conversion,0.02117647058823529
2021-11,2021-11-14,conversion,0.0162037037037037
2021-11,2021-11-15,conversion,0.03282275711159737
2021-11,2021-11-16,conversion,0.02991452991452992
2021-11,2021-11-17,conversion,0.04
2021-11,2021-11-18,conversion,0.02702702702702703
2021-11,2021-11-19,conversion,0.01425178147268409
2021-11,2021-11-20,conversion,0.03991130820399113
2021-11,2021-11-21,conversion,0.01366742596810934
2021-11,2021-11-22,conversion,0.01991150442477876
2021-11,2021-11-23,conversion,0.02391304347826087
2021-11,2021-11-24,conversion,0.02838427947598253
2021-11,2021-11-25,conversion,0.02631578947368421
2021-11,2021-11-26,conversion,0.0248868778280543
2021-11,2021-11-27,conversion,0.01894736842105263
2021-11,2021-11-28,conversion,0.02145922746781116
2021-11,2021-11-29,conversion,0.02733485193621868
2021-11,2021-11-30,conversion,0.02008928571428572
